Entity,Code,Year,"6.a.1 - Total official development assistance (gross disbursement) for water supply and sanitation, by recipient countries (millions of constant 2020 United States dollars) - DC_TOF_WASHL"
Afghanistan,AFG,2000,4640000
Afghanistan,AFG,2001,1320000
Afghanistan,AFG,2002,13220000
Afghanistan,AFG,2003,25810000
Afghanistan,AFG,2004,41890000
Afghanistan,AFG,2005,104800000
Afghanistan,AFG,2006,63320000
Afghanistan,AFG,2007,49380000
Afghanistan,AFG,2008,97510000
Afghanistan,AFG,2009,83180000
Afghanistan,AFG,2010,107680000
Afghanistan,AFG,2011,161880000
Afghanistan,AFG,2012,130729999.99999999
Afghanistan,AFG,2013,146190000
Afghanistan,AFG,2014,95530000
Afghanistan,AFG,2015,77210000
Afghanistan,AFG,2016,138370000
Afghanistan,AFG,2017,95400000
Afghanistan,AFG,2018,139900000
Afghanistan,AFG,2019,146450000
Afghanistan,AFG,2020,140290000
Africa (UN),,2000,1435360000
Africa (UN),,2001,1807590000
Africa (UN),,2002,945210000
Africa (UN),,2003,1043760000
Africa (UN),,2004,1404660000
Africa (UN),,2005,1637790000
Africa (UN),,2006,1761510000
Africa (UN),,2007,1927890000
Africa (UN),,2008,2210620000
Africa (UN),,2009,2386480000
Africa (UN),,2010,2550630000
Africa (UN),,2011,2804470000
Africa (UN),,2012,2990730000
Africa (UN),,2013,3036530000
Africa (UN),,2014,3218000000
Africa (UN),,2015,3471050000
Africa (UN),,2016,3647120000
Africa (UN),,2017,3167820000
Africa (UN),,2018,3790350000
Africa (UN),,2019,3862310000
Africa (UN),,2020,3374560000
Algeria,DZA,2000,560000
Algeria,DZA,2001,21090000
Algeria,DZA,2002,1490000
Algeria,DZA,2003,3660000
Algeria,DZA,2004,2580000
Algeria,DZA,2005,47980000
Algeria,DZA,2006,8570000
Algeria,DZA,2007,6450000
Algeria,DZA,2008,4510000
Algeria,DZA,2009,15350000
Algeria,DZA,2010,11210000
Algeria,DZA,2011,17290000
Algeria,DZA,2012,3600000
Algeria,DZA,2013,10820000
Algeria,DZA,2014,6290000
Algeria,DZA,2015,5050000
Algeria,DZA,2016,9660000
Algeria,DZA,2017,4019999.9999999995
Algeria,DZA,2018,4310000
Algeria,DZA,2019,7730000
Algeria,DZA,2020,3010000
Angola,AGO,2000,27080000
Angola,AGO,2001,11510000
Angola,AGO,2002,17810000
Angola,AGO,2003,8790000
Angola,AGO,2004,11240000
Angola,AGO,2005,18600000
Angola,AGO,2006,15260000
Angola,AGO,2007,40040000
Angola,AGO,2008,21040000
Angola,AGO,2009,14530000
Angola,AGO,2010,8830000
Angola,AGO,2011,10540000
Angola,AGO,2012,26010000
Angola,AGO,2013,22480000
Angola,AGO,2014,24550000
Angola,AGO,2015,34500000
Angola,AGO,2016,43930000
Angola,AGO,2017,49930000
Angola,AGO,2018,24260000
Angola,AGO,2019,22420000
Angola,AGO,2020,4610000
Anguilla,AIA,2000,100000
Anguilla,AIA,2002,20000
Anguilla,AIA,2012,10000
Anguilla,AIA,2013,10000
Antigua and Barbuda,ATG,2010,50000
Antigua and Barbuda,ATG,2011,20000
Antigua and Barbuda,ATG,2012,10000
Antigua and Barbuda,ATG,2013,10000
Antigua and Barbuda,ATG,2014,30000
Antigua and Barbuda,ATG,2015,40000
Antigua and Barbuda,ATG,2016,20000
Antigua and Barbuda,ATG,2017,390000
Antigua and Barbuda,ATG,2018,10000
Antigua and Barbuda,ATG,2019,1180000
Antigua and Barbuda,ATG,2020,0
Argentina,ARG,2000,70000
Argentina,ARG,2001,30000
Argentina,ARG,2002,2410000
Argentina,ARG,2003,3740000
Argentina,ARG,2004,1230000
Argentina,ARG,2005,420000
Argentina,ARG,2006,250000
Argentina,ARG,2007,1120000
Argentina,ARG,2008,620000
Argentina,ARG,2009,2640000
Argentina,ARG,2010,1410000
Argentina,ARG,2011,1200000
Argentina,ARG,2012,970000
Argentina,ARG,2013,2140000
Argentina,ARG,2014,490000
Argentina,ARG,2015,3600000
Argentina,ARG,2016,5370000
Argentina,ARG,2017,11890000
Argentina,ARG,2018,41670000
Argentina,ARG,2019,20600000
Argentina,ARG,2020,32580000
Armenia,ARM,2000,13650000
Armenia,ARM,2001,48710000
Armenia,ARM,2002,22060000
Armenia,ARM,2003,23810000
Armenia,ARM,2004,24580000
Armenia,ARM,2005,27230000
Armenia,ARM,2006,18390000
Armenia,ARM,2007,21120000
Armenia,ARM,2008,30440000
Armenia,ARM,2009,36610000
Armenia,ARM,2010,83470000
Armenia,ARM,2011,101370000
Armenia,ARM,2012,41370000
Armenia,ARM,2013,38430000
Armenia,ARM,2014,40340000
Armenia,ARM,2015,40240000
Armenia,ARM,2016,35740000
Armenia,ARM,2017,84410000
Armenia,ARM,2018,65310000
Armenia,ARM,2019,6570000
Armenia,ARM,2020,15270000
Asia (UN),,2000,2673040000
Asia (UN),,2001,3581860000
Asia (UN),,2002,1248100000
Asia (UN),,2003,1383100000
Asia (UN),,2004,1487170000
Asia (UN),,2005,3126940000
Asia (UN),,2006,2891270000
Asia (UN),,2007,2616380000
Asia (UN),,2008,2630820000
Asia (UN),,2009,2625130000
Asia (UN),,2010,3187830000
Asia (UN),,2011,3195310000
Asia (UN),,2012,3101340000
Asia (UN),,2013,3269670000
Asia (UN),,2014,3653840000
Asia (UN),,2015,4002450000
Asia (UN),,2016,3942280000
Asia (UN),,2017,4218670000
Asia (UN),,2018,4143609999.9999995
Asia (UN),,2019,3765050000
Asia (UN),,2020,3479260000
Azerbaijan,AZE,2000,52500000
Azerbaijan,AZE,2001,430000
Azerbaijan,AZE,2002,20120000
Azerbaijan,AZE,2003,13420000
Azerbaijan,AZE,2004,14240000
Azerbaijan,AZE,2005,22080000
Azerbaijan,AZE,2006,21210000
Azerbaijan,AZE,2007,19070000
Azerbaijan,AZE,2008,13900000
Azerbaijan,AZE,2009,20360000
Azerbaijan,AZE,2010,17820000
Azerbaijan,AZE,2011,22030000
Azerbaijan,AZE,2012,34840000
Azerbaijan,AZE,2013,63080000
Azerbaijan,AZE,2014,63460000
Azerbaijan,AZE,2015,72670000
Azerbaijan,AZE,2016,100620000
Azerbaijan,AZE,2017,101380000
Azerbaijan,AZE,2018,109490000
Azerbaijan,AZE,2019,97290000
Azerbaijan,AZE,2020,48600000
Bahrain,BHR,2004,20000
Bangladesh,BGD,2000,93690000
Bangladesh,BGD,2001,145990000
Bangladesh,BGD,2002,35470000
Bangladesh,BGD,2003,22020000
Bangladesh,BGD,2004,19470000
Bangladesh,BGD,2005,25130000
Bangladesh,BGD,2006,37340000
Bangladesh,BGD,2007,49660000
Bangladesh,BGD,2008,55030000
Bangladesh,BGD,2009,79630000
Bangladesh,BGD,2010,179500000
Bangladesh,BGD,2011,178420000
Bangladesh,BGD,2012,159510000
Bangladesh,BGD,2013,137760000
Bangladesh,BGD,2014,177990000
Bangladesh,BGD,2015,207340000
Bangladesh,BGD,2016,258140000
Bangladesh,BGD,2017,237020000
Bangladesh,BGD,2018,284270000
Bangladesh,BGD,2019,338910000
Bangladesh,BGD,2020,273850000
Barbados,BRB,2003,740000
Barbados,BRB,2006,110000
Barbados,BRB,2007,100000
Barbados,BRB,2008,0
Barbados,BRB,2009,30000
Barbados,BRB,2010,350000
Belarus,BLR,2005,100000
Belarus,BLR,2006,80000
Belarus,BLR,2007,50000
Belarus,BLR,2008,890000
Belarus,BLR,2009,470000
Belarus,BLR,2010,1890000
Belarus,BLR,2011,150000
Belarus,BLR,2012,260000
Belarus,BLR,2013,790000
Belarus,BLR,2014,1210000
Belarus,BLR,2015,1270000
Belarus,BLR,2016,5000000
Belarus,BLR,2017,2930000
Belarus,BLR,2018,1460000
Belarus,BLR,2019,3160000
Belarus,BLR,2020,320000
Belize,BLZ,2001,3510000
Belize,BLZ,2002,2330000
Belize,BLZ,2003,30000
Belize,BLZ,2007,0
Belize,BLZ,2008,510000
Belize,BLZ,2009,20000
Belize,BLZ,2010,120000
Belize,BLZ,2011,1030000
Belize,BLZ,2012,570000
Belize,BLZ,2013,170000
Belize,BLZ,2014,720000
Belize,BLZ,2015,1530000
Belize,BLZ,2016,460000
Belize,BLZ,2017,390000
Belize,BLZ,2018,820000
Belize,BLZ,2019,1310000
Belize,BLZ,2020,370000
Benin,BEN,2000,36650000
Benin,BEN,2001,9710000
Benin,BEN,2002,11780000
Benin,BEN,2003,15630000
Benin,BEN,2004,44230000
Benin,BEN,2005,51520000
Benin,BEN,2006,40040000
Benin,BEN,2007,51450000
Benin,BEN,2008,59990000
Benin,BEN,2009,53330000
Benin,BEN,2010,68530000
Benin,BEN,2011,47210000
Benin,BEN,2012,43300000
Benin,BEN,2013,56750000
Benin,BEN,2014,58680000
Benin,BEN,2015,16920000
Benin,BEN,2016,44000000
Benin,BEN,2017,31830000
Benin,BEN,2018,74680000
Benin,BEN,2019,54140000
Benin,BEN,2020,42540000
Bhutan,BTN,2000,5330000
Bhutan,BTN,2001,2830000
Bhutan,BTN,2002,1530000
Bhutan,BTN,2003,3620000
Bhutan,BTN,2004,4550000
Bhutan,BTN,2005,3220000
Bhutan,BTN,2006,2750000
Bhutan,BTN,2007,1900000
Bhutan,BTN,2008,1390000
Bhutan,BTN,2009,1950000
Bhutan,BTN,2010,2610000
Bhutan,BTN,2011,3410000
Bhutan,BTN,2012,2230000
Bhutan,BTN,2013,18760000
Bhutan,BTN,2014,47170000
Bhutan,BTN,2015,7250000
Bhutan,BTN,2016,4450000
Bhutan,BTN,2017,12270000
Bhutan,BTN,2018,20090000
Bhutan,BTN,2019,22310000
Bhutan,BTN,2020,12380000
Bolivia,BOL,2000,94690000
Bolivia,BOL,2001,18520000
Bolivia,BOL,2002,33590000
Bolivia,BOL,2003,13230000
Bolivia,BOL,2004,35320000
Bolivia,BOL,2005,45860000
Bolivia,BOL,2006,43010000
Bolivia,BOL,2007,30570000
Bolivia,BOL,2008,38460000
Bolivia,BOL,2009,69350000
Bolivia,BOL,2010,63860000
Bolivia,BOL,2011,81660000
Bolivia,BOL,2012,173330000
Bolivia,BOL,2013,86410000
Bolivia,BOL,2014,88260000
Bolivia,BOL,2015,95660000
Bolivia,BOL,2016,207140000
Bolivia,BOL,2017,210150000
Bolivia,BOL,2018,126910000
Bolivia,BOL,2019,144880000
Bolivia,BOL,2020,110470000
Bosnia and Herzegovina,BIH,2000,19830000
Bosnia and Herzegovina,BIH,2001,37970000
Bosnia and Herzegovina,BIH,2002,9180000
Bosnia and Herzegovina,BIH,2003,13410000
Bosnia and Herzegovina,BIH,2004,42140000
Bosnia and Herzegovina,BIH,2005,20160000
Bosnia and Herzegovina,BIH,2006,15500000
Bosnia and Herzegovina,BIH,2007,16680000
Bosnia and Herzegovina,BIH,2008,14440000
Bosnia and Herzegovina,BIH,2009,17810000
Bosnia and Herzegovina,BIH,2010,28630000
Bosnia and Herzegovina,BIH,2011,43770000
Bosnia and Herzegovina,BIH,2012,43320000
Bosnia and Herzegovina,BIH,2013,37720000
Bosnia and Herzegovina,BIH,2014,43730000
Bosnia and Herzegovina,BIH,2015,69720000
Bosnia and Herzegovina,BIH,2016,49710000
Bosnia and Herzegovina,BIH,2017,49760000
Bosnia and Herzegovina,BIH,2018,16690000.000000002
Bosnia and Herzegovina,BIH,2019,27610000
Bosnia and Herzegovina,BIH,2020,22220000
Botswana,BWA,2001,50000
Botswana,BWA,2002,2220000
Botswana,BWA,2003,210000
Botswana,BWA,2004,370000
Botswana,BWA,2005,100000
Botswana,BWA,2006,150000
Botswana,BWA,2007,1240000
Botswana,BWA,2008,2029999.9999999998
Botswana,BWA,2009,380000
Botswana,BWA,2010,1180000
Botswana,BWA,2011,780000
Botswana,BWA,2012,670000
Botswana,BWA,2013,350000
Botswana,BWA,2014,610000
Botswana,BWA,2015,360000
Botswana,BWA,2016,10000
Botswana,BWA,2017,80000
Botswana,BWA,2018,80000
Botswana,BWA,2019,190000
Botswana,BWA,2020,40000
Brazil,BRA,2000,3010000
Brazil,BRA,2001,5460000
Brazil,BRA,2002,5680000
Brazil,BRA,2003,8090000
Brazil,BRA,2004,3580000
Brazil,BRA,2005,6320000
Brazil,BRA,2006,17160000
Brazil,BRA,2007,33530000
Brazil,BRA,2008,147180000
Brazil,BRA,2009,91550000
Brazil,BRA,2010,13630000
Brazil,BRA,2011,235120000
Brazil,BRA,2012,106470000
Brazil,BRA,2013,127450000
Brazil,BRA,2014,156220000
Brazil,BRA,2015,107160000
Brazil,BRA,2016,110800000
Brazil,BRA,2017,101810000
Brazil,BRA,2018,42640000
Brazil,BRA,2019,43350000
Brazil,BRA,2020,24440000
Burkina Faso,BFA,2000,66280000
Burkina Faso,BFA,2001,149050000
Burkina Faso,BFA,2002,33330000
Burkina Faso,BFA,2003,51670000
Burkina Faso,BFA,2004,59130000
Burkina Faso,BFA,2005,71520000
Burkina Faso,BFA,2006,97270000
Burkina Faso,BFA,2007,89260000
Burkina Faso,BFA,2008,90250000
Burkina Faso,BFA,2009,64220000
Burkina Faso,BFA,2010,77030000
Burkina Faso,BFA,2011,132100000
Burkina Faso,BFA,2012,143050000
Burkina Faso,BFA,2013,140930000
Burkina Faso,BFA,2014,146460000
Burkina Faso,BFA,2015,102650000
Burkina Faso,BFA,2016,151420000
Burkina Faso,BFA,2017,119320000
Burkina Faso,BFA,2018,109460000
Burkina Faso,BFA,2019,165250000
Burkina Faso,BFA,2020,82800000
Burundi,BDI,2000,10630000
Burundi,BDI,2001,12830000
Burundi,BDI,2002,4540000
Burundi,BDI,2003,4610000
Burundi,BDI,2004,4930000
Burundi,BDI,2005,6230000
Burundi,BDI,2006,8020000
Burundi,BDI,2007,13240000
Burundi,BDI,2008,15470000
Burundi,BDI,2009,19310000
Burundi,BDI,2010,31930000
Burundi,BDI,2011,31900000
Burundi,BDI,2012,25710000
Burundi,BDI,2013,23730000
Burundi,BDI,2014,19600000
Burundi,BDI,2015,13330000
Burundi,BDI,2016,14340000
Burundi,BDI,2017,19960000
Burundi,BDI,2018,38550000
Burundi,BDI,2019,89040000
Burundi,BDI,2020,41980000
Cambodia,KHM,2000,24470000
Cambodia,KHM,2001,34450000
Cambodia,KHM,2002,29020000
Cambodia,KHM,2003,39250000
Cambodia,KHM,2004,23750000
Cambodia,KHM,2005,22520000
Cambodia,KHM,2006,22290000
Cambodia,KHM,2007,27720000
Cambodia,KHM,2008,29920000
Cambodia,KHM,2009,17000000
Cambodia,KHM,2010,41140000
Cambodia,KHM,2011,57770000
Cambodia,KHM,2012,57630000
Cambodia,KHM,2013,75170000
Cambodia,KHM,2014,72410000
Cambodia,KHM,2015,82040000
Cambodia,KHM,2016,77760000
Cambodia,KHM,2017,170320000
Cambodia,KHM,2018,130889999.99999999
Cambodia,KHM,2019,182830000
Cambodia,KHM,2020,197730000
Cameroon,CMR,2000,5860000
Cameroon,CMR,2001,7740000
Cameroon,CMR,2002,7870000
Cameroon,CMR,2003,7750000
Cameroon,CMR,2004,9340000
Cameroon,CMR,2005,5240000
Cameroon,CMR,2006,2950000
Cameroon,CMR,2007,4320000
Cameroon,CMR,2008,16710000
Cameroon,CMR,2009,6540000
Cameroon,CMR,2010,18680000
Cameroon,CMR,2011,36420000
Cameroon,CMR,2012,20850000
Cameroon,CMR,2013,64129999.99999999
Cameroon,CMR,2014,115180000
Cameroon,CMR,2015,102360000
Cameroon,CMR,2016,134910000
Cameroon,CMR,2017,129630000
Cameroon,CMR,2018,101850000
Cameroon,CMR,2019,154040000
Cameroon,CMR,2020,82220000
Cape Verde,CPV,2000,830000
Cape Verde,CPV,2001,11300000
Cape Verde,CPV,2002,5810000
Cape Verde,CPV,2003,3620000
Cape Verde,CPV,2004,9140000
Cape Verde,CPV,2005,6760000
Cape Verde,CPV,2006,5950000
Cape Verde,CPV,2007,4030000.0000000005
Cape Verde,CPV,2008,9390000
Cape Verde,CPV,2009,22170000
Cape Verde,CPV,2010,12630000
Cape Verde,CPV,2011,11460000
Cape Verde,CPV,2012,14670000
Cape Verde,CPV,2013,13800000
Cape Verde,CPV,2014,9180000
Cape Verde,CPV,2015,30530000
Cape Verde,CPV,2016,25840000
Cape Verde,CPV,2017,35550000
Cape Verde,CPV,2018,8240000
Cape Verde,CPV,2019,6980000
Cape Verde,CPV,2020,5880000
Central African Republic,CAF,2000,240000
Central African Republic,CAF,2001,330000
Central African Republic,CAF,2002,970000
Central African Republic,CAF,2003,250000
Central African Republic,CAF,2004,180000
Central African Republic,CAF,2005,360000
Central African Republic,CAF,2006,910000
Central African Republic,CAF,2007,1820000
Central African Republic,CAF,2008,2850000
Central African Republic,CAF,2009,9600000
Central African Republic,CAF,2010,5330000
Central African Republic,CAF,2011,8400000
Central African Republic,CAF,2012,6820000
Central African Republic,CAF,2013,6920000
Central African Republic,CAF,2014,5980000
Central African Republic,CAF,2015,4580000
Central African Republic,CAF,2016,5600000
Central African Republic,CAF,2017,3780000
Central African Republic,CAF,2018,11550000
Central African Republic,CAF,2019,6510000
Central African Republic,CAF,2020,15310000
Chad,TCD,2000,37080000
Chad,TCD,2001,4240000
Chad,TCD,2002,22920000
Chad,TCD,2003,23710000
Chad,TCD,2004,18040000
Chad,TCD,2005,20780000
Chad,TCD,2006,23270000
Chad,TCD,2007,20820000
Chad,TCD,2008,23770000
Chad,TCD,2009,28280000
Chad,TCD,2010,33509999.999999996
Chad,TCD,2011,26490000
Chad,TCD,2012,25210000
Chad,TCD,2013,21200000
Chad,TCD,2014,24950000
Chad,TCD,2015,39440000
Chad,TCD,2016,33930000
Chad,TCD,2017,46580000
Chad,TCD,2018,39820000
Chad,TCD,2019,22140000
Chad,TCD,2020,30000000
Chile,CHL,2000,430000
Chile,CHL,2001,5750000
Chile,CHL,2002,90000
Chile,CHL,2003,1600000
Chile,CHL,2004,4810000
Chile,CHL,2005,16460000
Chile,CHL,2006,13420000
Chile,CHL,2007,18430000
Chile,CHL,2008,25480000
Chile,CHL,2009,12590000
Chile,CHL,2010,8640000
Chile,CHL,2011,66420000
Chile,CHL,2012,29020000
Chile,CHL,2013,6970000
Chile,CHL,2014,990000
Chile,CHL,2015,15880000
Chile,CHL,2016,4070000.0000000005
Chile,CHL,2017,5090000
China,CHN,2000,603200000
China,CHN,2001,820960000
China,CHN,2002,257589999.99999997
China,CHN,2003,249040000
China,CHN,2004,246740000
China,CHN,2005,430960000
China,CHN,2006,282740000
China,CHN,2007,345750000
China,CHN,2008,287200000
China,CHN,2009,336030000
China,CHN,2010,292820000
China,CHN,2011,218790000
China,CHN,2012,205860000
China,CHN,2013,221260000
China,CHN,2014,163740000
China,CHN,2015,210910000
China,CHN,2016,94750000
China,CHN,2017,96090000
China,CHN,2018,74470000
China,CHN,2019,86390000
China,CHN,2020,103620000
Colombia,COL,2000,230000
Colombia,COL,2001,570000
Colombia,COL,2002,1730000
Colombia,COL,2003,2020000
Colombia,COL,2004,960000
Colombia,COL,2005,780000
Colombia,COL,2006,2360000
Colombia,COL,2007,3010000
Colombia,COL,2008,3760000
Colombia,COL,2009,56810000
Colombia,COL,2010,2009999.9999999998
Colombia,COL,2011,2960000
Colombia,COL,2012,98570000
Colombia,COL,2013,26160000
Colombia,COL,2014,13250000
Colombia,COL,2015,4230000
Colombia,COL,2016,3490000
Colombia,COL,2017,13270000
Colombia,COL,2018,15900000
Colombia,COL,2019,15640000
Colombia,COL,2020,23880000
Comoros,COM,2001,9090000
Comoros,COM,2002,1910000
Comoros,COM,2003,1380000
Comoros,COM,2004,700000
Comoros,COM,2005,1260000
Comoros,COM,2006,1350000
Comoros,COM,2007,1640000
Comoros,COM,2008,1240000
Comoros,COM,2009,1310000
Comoros,COM,2010,730000
Comoros,COM,2011,2100000
Comoros,COM,2012,2770000
Comoros,COM,2013,3290000
Comoros,COM,2014,7060000
Comoros,COM,2015,6540000
Comoros,COM,2016,6000000
Comoros,COM,2017,4130000
Comoros,COM,2018,8029999.999999999
Comoros,COM,2019,9720000
Comoros,COM,2020,340000
Congo,COG,2000,670000
Congo,COG,2003,7590000
Congo,COG,2004,2970000
Congo,COG,2005,3420000
Congo,COG,2006,2009999.9999999998
Congo,COG,2007,1300000
Congo,COG,2008,1750000
Congo,COG,2009,390000
Congo,COG,2010,2020000
Congo,COG,2011,3920000
Congo,COG,2012,3130000
Congo,COG,2013,8980000
Congo,COG,2014,7380000
Congo,COG,2015,4220000
Congo,COG,2016,2760000
Congo,COG,2017,10160000
Congo,COG,2018,24250000
Congo,COG,2019,12640000
Congo,COG,2020,33860000
Cook Islands,COK,2000,360000
Cook Islands,COK,2001,3290000
Cook Islands,COK,2002,190000
Cook Islands,COK,2003,230000
Cook Islands,COK,2004,200000
Cook Islands,COK,2005,100000
Cook Islands,COK,2006,420000
Cook Islands,COK,2007,330000
Cook Islands,COK,2008,180000
Cook Islands,COK,2009,1790000
Cook Islands,COK,2010,520000
Cook Islands,COK,2011,1330000
Cook Islands,COK,2012,2110000
Cook Islands,COK,2013,2540000
Cook Islands,COK,2014,2170000
Cook Islands,COK,2015,4220000
Cook Islands,COK,2016,3480000
Cook Islands,COK,2017,3360000
Cook Islands,COK,2018,6670000
Cook Islands,COK,2019,1780000
Costa Rica,CRI,2000,990000
Costa Rica,CRI,2001,145820000
Costa Rica,CRI,2002,460000
Costa Rica,CRI,2003,210000
Costa Rica,CRI,2004,650000
Costa Rica,CRI,2005,2040000
Costa Rica,CRI,2006,11620000
Costa Rica,CRI,2007,24560000
Costa Rica,CRI,2008,21760000
Costa Rica,CRI,2009,60520000
Costa Rica,CRI,2010,50440000
Costa Rica,CRI,2011,13330000
Costa Rica,CRI,2012,8390000
Costa Rica,CRI,2013,14240000
Costa Rica,CRI,2014,23850000
Costa Rica,CRI,2015,45800000
Costa Rica,CRI,2016,15540000
Costa Rica,CRI,2017,30020000
Costa Rica,CRI,2018,11640000
Costa Rica,CRI,2019,13610000
Costa Rica,CRI,2020,3870000
Cote d'Ivoire,CIV,2000,17430000
Cote d'Ivoire,CIV,2001,24780000
Cote d'Ivoire,CIV,2002,14050000
Cote d'Ivoire,CIV,2003,5630000
Cote d'Ivoire,CIV,2004,5300000
Cote d'Ivoire,CIV,2005,3640000
Cote d'Ivoire,CIV,2006,1260000
Cote d'Ivoire,CIV,2007,4540000
Cote d'Ivoire,CIV,2008,7580000
Cote d'Ivoire,CIV,2009,29960000
Cote d'Ivoire,CIV,2010,37050000
Cote d'Ivoire,CIV,2011,29370000
Cote d'Ivoire,CIV,2012,39920000
Cote d'Ivoire,CIV,2013,19430000
Cote d'Ivoire,CIV,2014,24840000
Cote d'Ivoire,CIV,2015,26570000
Cote d'Ivoire,CIV,2016,103030000
Cote d'Ivoire,CIV,2017,8150000
Cote d'Ivoire,CIV,2018,38810000
Cote d'Ivoire,CIV,2019,30570000
Cote d'Ivoire,CIV,2020,15040000
Croatia,HRV,2000,360000
Croatia,HRV,2001,1330000
Croatia,HRV,2002,60000
Croatia,HRV,2003,60000
Croatia,HRV,2004,10000
Croatia,HRV,2005,2080000
Croatia,HRV,2006,8500000
Croatia,HRV,2007,11720000
Croatia,HRV,2008,23980000
Croatia,HRV,2009,11860000
Croatia,HRV,2010,10190000
Cuba,CUB,2000,690000
Cuba,CUB,2001,1800000
Cuba,CUB,2002,1300000
Cuba,CUB,2003,2360000
Cuba,CUB,2004,6360000
Cuba,CUB,2005,4099999.9999999995
Cuba,CUB,2006,2510000
Cuba,CUB,2007,2900000
Cuba,CUB,2008,2580000
Cuba,CUB,2009,3420000
Cuba,CUB,2010,13790000
Cuba,CUB,2011,10970000
Cuba,CUB,2012,8680000
Cuba,CUB,2013,13220000
Cuba,CUB,2014,14680000
Cuba,CUB,2015,17630000
Cuba,CUB,2016,57230000
Cuba,CUB,2017,58890000
Cuba,CUB,2018,109320000
Cuba,CUB,2019,17200000
Cuba,CUB,2020,15930000
Democratic Republic of Congo,COD,2000,2180000
Democratic Republic of Congo,COD,2001,1790000
Democratic Republic of Congo,COD,2002,4510000
Democratic Republic of Congo,COD,2003,5340000
Democratic Republic of Congo,COD,2004,9950000
Democratic Republic of Congo,COD,2005,23790000
Democratic Republic of Congo,COD,2006,25360000
Democratic Republic of Congo,COD,2007,27760000
Democratic Republic of Congo,COD,2008,45500000
Democratic Republic of Congo,COD,2009,67630000
Democratic Republic of Congo,COD,2010,111770000
Democratic Republic of Congo,COD,2011,112160000
Democratic Republic of Congo,COD,2012,154220000
Democratic Republic of Congo,COD,2013,203810000
Democratic Republic of Congo,COD,2014,160760000
Democratic Republic of Congo,COD,2015,153930000
Democratic Republic of Congo,COD,2016,151380000
Democratic Republic of Congo,COD,2017,142370000
Democratic Republic of Congo,COD,2018,155370000
Democratic Republic of Congo,COD,2019,118550000
Democratic Republic of Congo,COD,2020,71510000
Developing regions,,2000,5570230000
Developing regions,,2001,6119150000
Developing regions,,2002,2650310000
Developing regions,,2003,2954250000
Developing regions,,2004,3472790000
Developing regions,,2005,5550900000
Developing regions,,2006,5504800000
Developing regions,,2007,5543570000
Developing regions,,2008,6423140000
Developing regions,,2009,6535060000
Developing regions,,2010,7329760000
Developing regions,,2011,7682850000
Developing regions,,2012,7562030000
Developing regions,,2013,7709980000
Developing regions,,2014,8577740000
Developing regions,,2015,9122000000
Developing regions,,2016,9304640000
Developing regions,,2017,9047390000
Developing regions,,2018,9570650000
Developing regions,,2019,9111610000
Developing regions,,2020,8695580000
Djibouti,DJI,2000,2069999.9999999998
Djibouti,DJI,2001,7130000
Djibouti,DJI,2002,5230000
Djibouti,DJI,2003,6800000
Djibouti,DJI,2004,3340000
Djibouti,DJI,2005,1800000
Djibouti,DJI,2006,570000
Djibouti,DJI,2007,1940000
Djibouti,DJI,2008,2500000
Djibouti,DJI,2009,6580000
Djibouti,DJI,2010,7900000
Djibouti,DJI,2011,11010000
Djibouti,DJI,2012,21130000
Djibouti,DJI,2013,26360000
Djibouti,DJI,2014,26030000
Djibouti,DJI,2015,15070000
Djibouti,DJI,2016,12910000
Djibouti,DJI,2017,22000000
Djibouti,DJI,2018,37060000
Djibouti,DJI,2019,44330000
Djibouti,DJI,2020,26430000
Dominica,DMA,2002,1000000
Dominica,DMA,2003,370000
Dominica,DMA,2004,1180000
Dominica,DMA,2005,1450000
Dominica,DMA,2006,1420000
Dominica,DMA,2007,110000
Dominica,DMA,2008,790000
Dominica,DMA,2009,190000
Dominica,DMA,2010,100000
Dominica,DMA,2011,830000
Dominica,DMA,2012,3980000
Dominica,DMA,2013,1870000
Dominica,DMA,2014,520000
Dominica,DMA,2015,760000
Dominica,DMA,2017,770000
Dominica,DMA,2018,1020000
Dominica,DMA,2019,300000
Dominica,DMA,2020,620000
Dominican Republic,DOM,2000,56000000
Dominican Republic,DOM,2001,8240000
Dominican Republic,DOM,2002,6450000
Dominican Republic,DOM,2003,12210000
Dominican Republic,DOM,2004,26970000
Dominican Republic,DOM,2005,13010000
Dominican Republic,DOM,2006,17420000
Dominican Republic,DOM,2007,4080000
Dominican Republic,DOM,2008,4280000
Dominican Republic,DOM,2009,5100000
Dominican Republic,DOM,2010,17190000
Dominican Republic,DOM,2011,20180000
Dominican Republic,DOM,2012,4270000
Dominican Republic,DOM,2013,24560000
Dominican Republic,DOM,2014,19980000
Dominican Republic,DOM,2015,29220000
Dominican Republic,DOM,2016,34390000
Dominican Republic,DOM,2017,38960000
Dominican Republic,DOM,2018,1660000
Dominican Republic,DOM,2019,2390000
Dominican Republic,DOM,2020,191970000
Ecuador,ECU,2000,67160000
Ecuador,ECU,2001,39720000
Ecuador,ECU,2002,9210000
Ecuador,ECU,2003,22250000
Ecuador,ECU,2004,10610000
Ecuador,ECU,2005,10660000
Ecuador,ECU,2006,15050000
Ecuador,ECU,2007,21980000
Ecuador,ECU,2008,19940000
Ecuador,ECU,2009,14440000
Ecuador,ECU,2010,28320000
Ecuador,ECU,2011,22420000
Ecuador,ECU,2012,22950000
Ecuador,ECU,2013,20610000
Ecuador,ECU,2014,10320000
Ecuador,ECU,2015,11260000
Ecuador,ECU,2016,33060000.000000004
Ecuador,ECU,2017,48950000
Ecuador,ECU,2018,57290000
Ecuador,ECU,2019,50210000
Ecuador,ECU,2020,61990000
Egypt,EGY,2000,112720000
Egypt,EGY,2001,176160000
Egypt,EGY,2002,178240000
Egypt,EGY,2003,120850000
Egypt,EGY,2004,311740000
Egypt,EGY,2005,134840000
Egypt,EGY,2006,130550000.00000001
Egypt,EGY,2007,122490000
Egypt,EGY,2008,149750000
Egypt,EGY,2009,198240000
Egypt,EGY,2010,136040000
Egypt,EGY,2011,127260000
Egypt,EGY,2012,124990000
Egypt,EGY,2013,109480000
Egypt,EGY,2014,136730000
Egypt,EGY,2015,225450000
Egypt,EGY,2016,268640000
Egypt,EGY,2017,158070000
Egypt,EGY,2018,365910000
Egypt,EGY,2019,360100000
Egypt,EGY,2020,365280000
El Salvador,SLV,2000,3400000
El Salvador,SLV,2001,40490000
El Salvador,SLV,2002,13370000
El Salvador,SLV,2003,11860000
El Salvador,SLV,2004,8720000
El Salvador,SLV,2005,18280000
El Salvador,SLV,2006,10790000
El Salvador,SLV,2007,13360000
El Salvador,SLV,2008,12890000
El Salvador,SLV,2009,40740000
El Salvador,SLV,2010,27930000
El Salvador,SLV,2011,5760000
El Salvador,SLV,2012,3110000
El Salvador,SLV,2013,12320000
El Salvador,SLV,2014,7310000
El Salvador,SLV,2015,3080000
El Salvador,SLV,2016,5300000
El Salvador,SLV,2017,13740000
El Salvador,SLV,2018,12220000
El Salvador,SLV,2019,10490000
El Salvador,SLV,2020,278090000
Equatorial Guinea,GNQ,2000,90000
Equatorial Guinea,GNQ,2001,70000
Equatorial Guinea,GNQ,2002,7190000
Equatorial Guinea,GNQ,2003,1160000
Equatorial Guinea,GNQ,2004,3190000
Equatorial Guinea,GNQ,2005,1360000
Equatorial Guinea,GNQ,2006,3130000
Equatorial Guinea,GNQ,2007,600000
Equatorial Guinea,GNQ,2008,20000
Equatorial Guinea,GNQ,2009,30000
Equatorial Guinea,GNQ,2011,20000
Equatorial Guinea,GNQ,2014,10000
Equatorial Guinea,GNQ,2018,20000
Equatorial Guinea,GNQ,2020,0
Eritrea,ERI,2000,620000
Eritrea,ERI,2001,6970000
Eritrea,ERI,2002,4920000
Eritrea,ERI,2003,1270000
Eritrea,ERI,2004,1590000
Eritrea,ERI,2005,5060000
Eritrea,ERI,2006,7890000
Eritrea,ERI,2007,3550000
Eritrea,ERI,2008,7900000
Eritrea,ERI,2009,6970000
Eritrea,ERI,2010,7090000
Eritrea,ERI,2011,2730000
Eritrea,ERI,2012,2910000
Eritrea,ERI,2013,890000
Eritrea,ERI,2014,900000
Eritrea,ERI,2015,590000
Eritrea,ERI,2016,1010000
Eritrea,ERI,2017,700000
Eritrea,ERI,2018,330000
Eritrea,ERI,2019,3570000
Eritrea,ERI,2020,1930000
Eswatini,SWZ,2000,80000
Eswatini,SWZ,2001,22370000
Eswatini,SWZ,2002,160000
Eswatini,SWZ,2003,1640000
Eswatini,SWZ,2004,6800000
Eswatini,SWZ,2005,4550000
Eswatini,SWZ,2006,2880000
Eswatini,SWZ,2007,2570000
Eswatini,SWZ,2008,7260000
Eswatini,SWZ,2009,1800000
Eswatini,SWZ,2010,4210000
Eswatini,SWZ,2011,1740000
Eswatini,SWZ,2012,830000
Eswatini,SWZ,2013,1890000
Eswatini,SWZ,2014,2710000
Eswatini,SWZ,2015,11400000
Eswatini,SWZ,2016,13540000
Eswatini,SWZ,2017,5470000
Eswatini,SWZ,2018,3810000
Eswatini,SWZ,2019,2910000
Eswatini,SWZ,2020,10120000
Ethiopia,ETH,2000,10880000
Ethiopia,ETH,2001,39600000
Ethiopia,ETH,2002,25450000
Ethiopia,ETH,2003,39740000
Ethiopia,ETH,2004,36190000
Ethiopia,ETH,2005,128360000.00000001
Ethiopia,ETH,2006,138650000
Ethiopia,ETH,2007,137580000
Ethiopia,ETH,2008,143470000
Ethiopia,ETH,2009,147280000
Ethiopia,ETH,2010,128580000.00000001
Ethiopia,ETH,2011,150300000
Ethiopia,ETH,2012,192900000
Ethiopia,ETH,2013,179200000
Ethiopia,ETH,2014,216540000
Ethiopia,ETH,2015,208920000
Ethiopia,ETH,2016,216400000
Ethiopia,ETH,2017,229390000
Ethiopia,ETH,2018,197070000
Ethiopia,ETH,2019,272280000
Ethiopia,ETH,2020,155090000
Europe (UN),,2000,266730000.00000003
Europe (UN),,2001,148030000
Europe (UN),,2002,74880000
Europe (UN),,2003,89350000
Europe (UN),,2004,109930000
Europe (UN),,2005,112580000
Europe (UN),,2006,138090000
Europe (UN),,2007,151000000
Europe (UN),,2008,158290000
Europe (UN),,2009,165300000
Europe (UN),,2010,175050000
Europe (UN),,2011,162170000
Europe (UN),,2012,201110000
Europe (UN),,2013,181300000
Europe (UN),,2014,251200000
Europe (UN),,2015,296920000
Europe (UN),,2016,215510000
Europe (UN),,2017,242660000
Europe (UN),,2018,150640000
Europe (UN),,2019,189070000
Europe (UN),,2020,197860000
Fiji,FJI,2000,430000
Fiji,FJI,2002,100000
Fiji,FJI,2003,130000
Fiji,FJI,2004,200000
Fiji,FJI,2005,250000
Fiji,FJI,2006,1100000
Fiji,FJI,2007,860000
Fiji,FJI,2008,2150000
Fiji,FJI,2009,3930000
Fiji,FJI,2010,1890000
Fiji,FJI,2011,2750000
Fiji,FJI,2012,1090000
Fiji,FJI,2013,1840000
Fiji,FJI,2014,3920000
Fiji,FJI,2015,3340000
Fiji,FJI,2016,2850000
Fiji,FJI,2017,2250000
Fiji,FJI,2018,6660000
Fiji,FJI,2019,18800000
Fiji,FJI,2020,2610000
Gabon,GAB,2000,110000
Gabon,GAB,2003,40000
Gabon,GAB,2004,60000
Gabon,GAB,2005,170000
Gabon,GAB,2006,20000
Gabon,GAB,2008,15460000
Gabon,GAB,2009,1980000
Gabon,GAB,2010,8320000
Gabon,GAB,2011,12840000
Gabon,GAB,2012,10060000
Gabon,GAB,2013,21140000
Gabon,GAB,2014,16530000.000000002
Gabon,GAB,2015,6490000
Gabon,GAB,2016,5220000
Gabon,GAB,2017,4210000
Gabon,GAB,2018,1020000
Gabon,GAB,2019,540000
Gabon,GAB,2020,800000
Gambia,GMB,2000,240000
Gambia,GMB,2001,310000
Gambia,GMB,2002,970000
Gambia,GMB,2003,760000
Gambia,GMB,2004,1940000
Gambia,GMB,2005,2250000
Gambia,GMB,2006,5880000
Gambia,GMB,2007,15970000
Gambia,GMB,2008,8860000
Gambia,GMB,2009,8460000
Gambia,GMB,2010,3510000
Gambia,GMB,2011,3490000
Gambia,GMB,2012,3710000
Gambia,GMB,2013,460000
Gambia,GMB,2014,800000
Gambia,GMB,2015,2550000
Gambia,GMB,2016,3190000
Gambia,GMB,2017,1790000
Gambia,GMB,2018,1630000
Gambia,GMB,2019,1760000
Gambia,GMB,2020,1830000
Georgia,GEO,2000,800000
Georgia,GEO,2001,47650000
Georgia,GEO,2002,6720000
Georgia,GEO,2003,6140000
Georgia,GEO,2004,12300000
Georgia,GEO,2005,7080000
Georgia,GEO,2006,13710000
Georgia,GEO,2007,10140000
Georgia,GEO,2008,18150000
Georgia,GEO,2009,34420000
Georgia,GEO,2010,53080000
Georgia,GEO,2011,80690000
Georgia,GEO,2012,59070000
Georgia,GEO,2013,26800000
Georgia,GEO,2014,58000000
Georgia,GEO,2015,46110000
Georgia,GEO,2016,65800000
Georgia,GEO,2017,70030000
Georgia,GEO,2018,61330000
Georgia,GEO,2019,48630000
Georgia,GEO,2020,35270000
Ghana,GHA,2000,60970000
Ghana,GHA,2001,62700000
Ghana,GHA,2002,60820000
Ghana,GHA,2003,55350000
Ghana,GHA,2004,62780000
Ghana,GHA,2005,73060000
Ghana,GHA,2006,78570000
Ghana,GHA,2007,118260000
Ghana,GHA,2008,122890000
Ghana,GHA,2009,60470000
Ghana,GHA,2010,106340000
Ghana,GHA,2011,67900000
Ghana,GHA,2012,108440000
Ghana,GHA,2013,58770000
Ghana,GHA,2014,92200000
Ghana,GHA,2015,146870000
Ghana,GHA,2016,110290000
Ghana,GHA,2017,76150000
Ghana,GHA,2018,61720000
Ghana,GHA,2019,63860000
Ghana,GHA,2020,69510000
Grenada,GRD,2000,8470000
Grenada,GRD,2002,3360000
Grenada,GRD,2003,260000
Grenada,GRD,2004,110000
Grenada,GRD,2005,120000
Grenada,GRD,2006,250000
Grenada,GRD,2007,130000
Grenada,GRD,2008,10000
Grenada,GRD,2009,3470000
Grenada,GRD,2010,500000
Grenada,GRD,2011,630000
Grenada,GRD,2012,940000
Grenada,GRD,2013,20000
Grenada,GRD,2014,20000
Grenada,GRD,2015,20000
Grenada,GRD,2016,20000
Grenada,GRD,2017,3860000
Grenada,GRD,2018,0
Grenada,GRD,2019,360000
Grenada,GRD,2020,5230000
Guatemala,GTM,2000,26480000
Guatemala,GTM,2001,8750000
Guatemala,GTM,2002,9030000
Guatemala,GTM,2003,12660000
Guatemala,GTM,2004,12870000
Guatemala,GTM,2005,18230000
Guatemala,GTM,2006,27070000
Guatemala,GTM,2007,15130000
Guatemala,GTM,2008,7890000
Guatemala,GTM,2009,30820000
Guatemala,GTM,2010,36150000
Guatemala,GTM,2011,9600000
Guatemala,GTM,2012,4890000
Guatemala,GTM,2013,4910000
Guatemala,GTM,2014,1890000
Guatemala,GTM,2015,2600000
Guatemala,GTM,2016,3950000
Guatemala,GTM,2017,15630000
Guatemala,GTM,2018,24770000
Guatemala,GTM,2019,20030000
Guatemala,GTM,2020,8590000
Guinea,GIN,2000,8580000
Guinea,GIN,2001,61290000
Guinea,GIN,2002,14640000
Guinea,GIN,2003,29760000
Guinea,GIN,2004,27250000
Guinea,GIN,2005,25270000
Guinea,GIN,2006,21090000
Guinea,GIN,2007,19920000
Guinea,GIN,2008,18230000
Guinea,GIN,2009,15200000
Guinea,GIN,2010,10480000
Guinea,GIN,2011,9180000
Guinea,GIN,2012,6030000
Guinea,GIN,2013,27940000
Guinea,GIN,2014,9400000
Guinea,GIN,2015,12940000
Guinea,GIN,2016,9000000
Guinea,GIN,2017,20530000
Guinea,GIN,2018,29000000
Guinea,GIN,2019,29700000
Guinea,GIN,2020,10660000
Guinea-Bissau,GNB,2000,450000
Guinea-Bissau,GNB,2001,490000
Guinea-Bissau,GNB,2002,3430000
Guinea-Bissau,GNB,2003,6520000
Guinea-Bissau,GNB,2004,3890000
Guinea-Bissau,GNB,2005,2510000
Guinea-Bissau,GNB,2006,2340000
Guinea-Bissau,GNB,2007,3310000
Guinea-Bissau,GNB,2008,2830000
Guinea-Bissau,GNB,2009,3700000
Guinea-Bissau,GNB,2010,2069999.9999999998
Guinea-Bissau,GNB,2011,5200000
Guinea-Bissau,GNB,2012,6240000
Guinea-Bissau,GNB,2013,4920000
Guinea-Bissau,GNB,2014,2740000
Guinea-Bissau,GNB,2015,3640000
Guinea-Bissau,GNB,2016,5740000
Guinea-Bissau,GNB,2017,5030000
Guinea-Bissau,GNB,2018,3440000
Guinea-Bissau,GNB,2019,5390000
Guinea-Bissau,GNB,2020,2210000
Guyana,GUY,2000,38590000
Guyana,GUY,2002,6070000
Guyana,GUY,2003,12870000
Guyana,GUY,2004,6550000
Guyana,GUY,2005,7400000
Guyana,GUY,2006,10610000
Guyana,GUY,2007,6930000
Guyana,GUY,2008,6670000
Guyana,GUY,2009,12800000
Guyana,GUY,2010,16860000
Guyana,GUY,2011,9090000
Guyana,GUY,2012,13420000
Guyana,GUY,2013,7040000
Guyana,GUY,2014,16329999.999999998
Guyana,GUY,2015,2970000
Guyana,GUY,2016,790000
Guyana,GUY,2017,240000
Guyana,GUY,2018,9920000
Guyana,GUY,2019,4750000
Guyana,GUY,2020,2450000
Haiti,HTI,2000,900000
Haiti,HTI,2001,4410000
Haiti,HTI,2002,3410000
Haiti,HTI,2003,3430000
Haiti,HTI,2004,3330000
Haiti,HTI,2005,6020000
Haiti,HTI,2006,6870000
Haiti,HTI,2007,8050000.000000001
Haiti,HTI,2008,15420000
Haiti,HTI,2009,109670000
Haiti,HTI,2010,39710000
Haiti,HTI,2011,32979999.999999996
Haiti,HTI,2012,41400000
Haiti,HTI,2013,30290000
Haiti,HTI,2014,63850000
Haiti,HTI,2015,46580000
Haiti,HTI,2016,39810000
Haiti,HTI,2017,36660000
Haiti,HTI,2018,48030000
Haiti,HTI,2019,42270000
Haiti,HTI,2020,30180000
Honduras,HND,2000,123270000
Honduras,HND,2001,11550000
Honduras,HND,2002,16399999.999999998
Honduras,HND,2003,26210000
Honduras,HND,2004,26630000
Honduras,HND,2005,30890000
Honduras,HND,2006,22630000
Honduras,HND,2007,25910000
Honduras,HND,2008,25330000
Honduras,HND,2009,35320000
Honduras,HND,2010,64140000
Honduras,HND,2011,41100000
Honduras,HND,2012,27870000
Honduras,HND,2013,25850000
Honduras,HND,2014,20180000
Honduras,HND,2015,32350000
Honduras,HND,2016,13630000
Honduras,HND,2017,11010000
Honduras,HND,2018,10690000
Honduras,HND,2019,45760000
Honduras,HND,2020,64599999.99999999
India,IND,2000,183920000
India,IND,2001,368450000
India,IND,2002,227250000
India,IND,2003,177060000
India,IND,2004,227260000
India,IND,2005,405930000
India,IND,2006,348810000
India,IND,2007,293480000
India,IND,2008,366780000
India,IND,2009,304970000
India,IND,2010,464990000
India,IND,2011,493260000
India,IND,2012,460300000
India,IND,2013,469990000
India,IND,2014,494440000
India,IND,2015,480540000
India,IND,2016,575620000
India,IND,2017,680410000
India,IND,2018,609450000
India,IND,2019,384550000
India,IND,2020,305480000
Indonesia,IDN,2000,88580000
Indonesia,IDN,2001,301280000
Indonesia,IDN,2002,50040000
Indonesia,IDN,2003,55550000
Indonesia,IDN,2004,72510000
Indonesia,IDN,2005,98090000
Indonesia,IDN,2006,209750000
Indonesia,IDN,2007,203010000
Indonesia,IDN,2008,199010000
Indonesia,IDN,2009,247110000
Indonesia,IDN,2010,278660000
Indonesia,IDN,2011,288340000
Indonesia,IDN,2012,230140000
Indonesia,IDN,2013,204400000
Indonesia,IDN,2014,142020000
Indonesia,IDN,2015,131860000.00000001
Indonesia,IDN,2016,125400000
Indonesia,IDN,2017,115250000
Indonesia,IDN,2018,120320000
Indonesia,IDN,2019,133860000.00000001
Indonesia,IDN,2020,185280000
Iran,IRN,2000,64440000
Iran,IRN,2002,19740000
Iran,IRN,2003,9880000
Iran,IRN,2004,6930000
Iran,IRN,2005,2069999.9999999998
Iran,IRN,2006,3350000
Iran,IRN,2007,2590000
Iran,IRN,2008,2150000
Iran,IRN,2009,1500000
Iran,IRN,2010,1150000
Iran,IRN,2011,1120000
Iran,IRN,2012,1130000
Iran,IRN,2013,2220000
Iran,IRN,2014,2170000
Iran,IRN,2015,1120000
Iran,IRN,2016,2320000
Iran,IRN,2017,1280000
Iran,IRN,2018,930000
Iran,IRN,2019,2490000
Iran,IRN,2020,1090000
Iraq,IRQ,2000,1850000
Iraq,IRQ,2001,740000
Iraq,IRQ,2002,1370000
Iraq,IRQ,2003,22770000
Iraq,IRQ,2004,89590000
Iraq,IRQ,2005,1173920000
Iraq,IRQ,2006,835260000
Iraq,IRQ,2007,605930000
Iraq,IRQ,2008,206470000
Iraq,IRQ,2009,145240000
Iraq,IRQ,2010,182710000
Iraq,IRQ,2011,69870000
Iraq,IRQ,2012,76450000
Iraq,IRQ,2013,105850000
Iraq,IRQ,2014,154360000
Iraq,IRQ,2015,206860000
Iraq,IRQ,2016,154300000
Iraq,IRQ,2017,219340000
Iraq,IRQ,2018,94750000
Iraq,IRQ,2019,93600000
Iraq,IRQ,2020,69870000
Jamaica,JAM,2000,21650000
Jamaica,JAM,2001,1560000
Jamaica,JAM,2002,4940000
Jamaica,JAM,2003,10790000
Jamaica,JAM,2004,5240000
Jamaica,JAM,2005,4950000
Jamaica,JAM,2006,7590000
Jamaica,JAM,2007,2700000
Jamaica,JAM,2008,18160000
Jamaica,JAM,2009,11700000
Jamaica,JAM,2010,15230000
Jamaica,JAM,2011,2280000
Jamaica,JAM,2012,1110000
Jamaica,JAM,2013,840000
Jamaica,JAM,2014,310000
Jamaica,JAM,2015,1010000
Jamaica,JAM,2016,170000
Jamaica,JAM,2017,590000
Jamaica,JAM,2018,630000
Jamaica,JAM,2019,390000
Jamaica,JAM,2020,380000
Jordan,JOR,2000,185260000
Jordan,JOR,2001,111980000
Jordan,JOR,2002,59710000
Jordan,JOR,2003,98580000
Jordan,JOR,2004,113470000
Jordan,JOR,2005,166000000
Jordan,JOR,2006,128690000
Jordan,JOR,2007,121870000
Jordan,JOR,2008,90230000
Jordan,JOR,2009,151290000
Jordan,JOR,2010,110670000
Jordan,JOR,2011,99510000
Jordan,JOR,2012,122900000
Jordan,JOR,2013,136020000
Jordan,JOR,2014,250750000
Jordan,JOR,2015,370300000
Jordan,JOR,2016,475290000
Jordan,JOR,2017,553040000
Jordan,JOR,2018,325200000
Jordan,JOR,2019,309550000
Jordan,JOR,2020,366710000
Kazakhstan,KAZ,2000,7690000
Kazakhstan,KAZ,2001,34340000
Kazakhstan,KAZ,2002,190000
Kazakhstan,KAZ,2003,17660000
Kazakhstan,KAZ,2004,12480000
Kazakhstan,KAZ,2005,6590000
Kazakhstan,KAZ,2006,22620000
Kazakhstan,KAZ,2007,1080000
Kazakhstan,KAZ,2008,50360000
Kazakhstan,KAZ,2009,51880000
Kazakhstan,KAZ,2010,21660000
Kazakhstan,KAZ,2011,4530000
Kazakhstan,KAZ,2012,950000
Kazakhstan,KAZ,2013,180000
Kazakhstan,KAZ,2014,20000
Kazakhstan,KAZ,2015,180000
Kazakhstan,KAZ,2016,220000
Kazakhstan,KAZ,2017,770000
Kazakhstan,KAZ,2018,740000
Kazakhstan,KAZ,2019,1120000
Kazakhstan,KAZ,2020,640000
Kenya,KEN,2000,19950000
Kenya,KEN,2001,37500000
Kenya,KEN,2002,24640000
Kenya,KEN,2003,26910000
Kenya,KEN,2004,41580000
Kenya,KEN,2005,49200000
Kenya,KEN,2006,59170000
Kenya,KEN,2007,102860000
Kenya,KEN,2008,114030000
Kenya,KEN,2009,114020000
Kenya,KEN,2010,162350000
Kenya,KEN,2011,165420000
Kenya,KEN,2012,180980000
Kenya,KEN,2013,186440000
Kenya,KEN,2014,193530000
Kenya,KEN,2015,166480000
Kenya,KEN,2016,207690000
Kenya,KEN,2017,230180000
Kenya,KEN,2018,278870000
Kenya,KEN,2019,205600000
Kenya,KEN,2020,196230000
Kiribati,KIR,2001,590000
Kiribati,KIR,2002,1640000
Kiribati,KIR,2003,260000
Kiribati,KIR,2005,10000
Kiribati,KIR,2006,30000
Kiribati,KIR,2007,0
Kiribati,KIR,2009,0
Kiribati,KIR,2010,150000
Kiribati,KIR,2011,7760000
Kiribati,KIR,2012,1810000
Kiribati,KIR,2013,5580000
Kiribati,KIR,2014,5080000
Kiribati,KIR,2015,6670000
Kiribati,KIR,2016,3620000
Kiribati,KIR,2017,10480000
Kiribati,KIR,2018,4700000
Kiribati,KIR,2019,5070000
Kiribati,KIR,2020,5010000
Kyrgyzstan,KGZ,2000,14680000
Kyrgyzstan,KGZ,2001,30360000
Kyrgyzstan,KGZ,2002,9730000
Kyrgyzstan,KGZ,2003,7520000
Kyrgyzstan,KGZ,2004,9250000
Kyrgyzstan,KGZ,2005,14080000
Kyrgyzstan,KGZ,2006,14210000
Kyrgyzstan,KGZ,2007,11520000
Kyrgyzstan,KGZ,2008,7360000
Kyrgyzstan,KGZ,2009,14550000
Kyrgyzstan,KGZ,2010,11380000
Kyrgyzstan,KGZ,2011,26420000
Kyrgyzstan,KGZ,2012,17780000
Kyrgyzstan,KGZ,2013,16790000
Kyrgyzstan,KGZ,2014,27150000
Kyrgyzstan,KGZ,2015,23120000
Kyrgyzstan,KGZ,2016,41780000
Kyrgyzstan,KGZ,2017,12560000
Kyrgyzstan,KGZ,2018,8470000
Kyrgyzstan,KGZ,2019,15200000
Kyrgyzstan,KGZ,2020,24430000
Laos,LAO,2000,39050000
Laos,LAO,2001,36320000
Laos,LAO,2002,11770000
Laos,LAO,2003,19570000
Laos,LAO,2004,14540000
Laos,LAO,2005,9510000
Laos,LAO,2006,7200000
Laos,LAO,2007,12950000
Laos,LAO,2008,22490000
Laos,LAO,2009,31130000
Laos,LAO,2010,27080000
Laos,LAO,2011,30500000
Laos,LAO,2012,26290000
Laos,LAO,2013,28060000
Laos,LAO,2014,56110000
Laos,LAO,2015,110790000
Laos,LAO,2016,32009999.999999996
Laos,LAO,2017,60680000
Laos,LAO,2018,69330000
Laos,LAO,2019,78110000
Laos,LAO,2020,73980000
Latin America and the Caribbean (UN),,2000,1047530000
Latin America and the Caribbean (UN),,2001,359640000
Latin America and the Caribbean (UN),,2002,187030000
Latin America and the Caribbean (UN),,2003,238490000
Latin America and the Caribbean (UN),,2004,261850000.00000003
Latin America and the Caribbean (UN),,2005,404720000
Latin America and the Caribbean (UN),,2006,424600000
Latin America and the Caribbean (UN),,2007,471120000
Latin America and the Caribbean (UN),,2008,584940000
Latin America and the Caribbean (UN),,2009,850530000
Latin America and the Caribbean (UN),,2010,797460000
Latin America and the Caribbean (UN),,2011,896750000
Latin America and the Caribbean (UN),,2012,684930000
Latin America and the Caribbean (UN),,2013,558490000
Latin America and the Caribbean (UN),,2014,813150000
Latin America and the Caribbean (UN),,2015,562630000
Latin America and the Caribbean (UN),,2016,775100000
Latin America and the Caribbean (UN),,2017,725950000
Latin America and the Caribbean (UN),,2018,693130000
Latin America and the Caribbean (UN),,2019,607460000
Latin America and the Caribbean (UN),,2020,1059390000.0000001
Least Developed Countries (LDCs),,2000,1150630000
Least Developed Countries (LDCs),,2001,1548340000
Least Developed Countries (LDCs),,2002,709360000
Least Developed Countries (LDCs),,2003,919670000
Least Developed Countries (LDCs),,2004,952220000
Least Developed Countries (LDCs),,2005,1300050000
Least Developed Countries (LDCs),,2006,1252310000
Least Developed Countries (LDCs),,2007,1503090000
Least Developed Countries (LDCs),,2008,1674050000
Least Developed Countries (LDCs),,2009,1979240000
Least Developed Countries (LDCs),,2010,2146590000.0000002
Least Developed Countries (LDCs),,2011,2284010000
Least Developed Countries (LDCs),,2012,2504880000
Least Developed Countries (LDCs),,2013,2737350000
Least Developed Countries (LDCs),,2014,2717010000
Least Developed Countries (LDCs),,2015,2772010000
Least Developed Countries (LDCs),,2016,2914900000
Least Developed Countries (LDCs),,2017,2931560000
Least Developed Countries (LDCs),,2018,3270330000
Least Developed Countries (LDCs),,2019,3558740000
Least Developed Countries (LDCs),,2020,2922510000
Lebanon,LBN,2000,2260000
Lebanon,LBN,2001,51930000
Lebanon,LBN,2002,3090000
Lebanon,LBN,2003,8070000
Lebanon,LBN,2004,7370000
Lebanon,LBN,2005,7030000
Lebanon,LBN,2006,15400000
Lebanon,LBN,2007,9390000
Lebanon,LBN,2008,61760000
Lebanon,LBN,2009,48230000
Lebanon,LBN,2010,51980000
Lebanon,LBN,2011,64819999.99999999
Lebanon,LBN,2012,107680000
Lebanon,LBN,2013,75570000
Lebanon,LBN,2014,97870000
Lebanon,LBN,2015,111450000
Lebanon,LBN,2016,119850000
Lebanon,LBN,2017,105030000
Lebanon,LBN,2018,176000000
Lebanon,LBN,2019,124020000
Lebanon,LBN,2020,120770000
Lesotho,LSO,2000,4660000
Lesotho,LSO,2001,6120000
Lesotho,LSO,2002,3940000
Lesotho,LSO,2003,9760000
Lesotho,LSO,2004,6450000
Lesotho,LSO,2005,7100000
Lesotho,LSO,2006,5230000
Lesotho,LSO,2007,8790000
Lesotho,LSO,2008,17400000
Lesotho,LSO,2009,23970000
Lesotho,LSO,2010,38960000
Lesotho,LSO,2011,54460000
Lesotho,LSO,2012,79590000
Lesotho,LSO,2013,105360000
Lesotho,LSO,2014,32909999.999999996
Lesotho,LSO,2015,21540000
Lesotho,LSO,2016,16170000.000000002
Lesotho,LSO,2017,11680000
Lesotho,LSO,2018,10350000
Lesotho,LSO,2019,8420000
Lesotho,LSO,2020,9940000
Liberia,LBR,2000,50000
Liberia,LBR,2002,230000
Liberia,LBR,2003,0
Liberia,LBR,2004,340000
Liberia,LBR,2005,890000
Liberia,LBR,2006,450000
Liberia,LBR,2007,600000
Liberia,LBR,2008,4460000
Liberia,LBR,2009,8520000
Liberia,LBR,2010,7920000
Liberia,LBR,2011,4590000
Liberia,LBR,2012,9990000
Liberia,LBR,2013,21720000
Liberia,LBR,2014,15520000
Liberia,LBR,2015,40240000
Liberia,LBR,2016,115000000
Liberia,LBR,2017,85960000
Liberia,LBR,2018,47600000
Liberia,LBR,2019,26380000
Liberia,LBR,2020,24500000
Libya,LBY,2005,10000
Libya,LBY,2006,10000
Libya,LBY,2007,10000
Libya,LBY,2008,10000
Libya,LBY,2009,10000
Libya,LBY,2011,220000
Libya,LBY,2012,420000
Libya,LBY,2016,0
Libya,LBY,2017,2360000
Libya,LBY,2018,290000
Libya,LBY,2019,1840000
Libya,LBY,2020,10000
Madagascar,MDG,2000,18980000
Madagascar,MDG,2001,29450000
Madagascar,MDG,2002,11630000
Madagascar,MDG,2003,20060000
Madagascar,MDG,2004,23500000
Madagascar,MDG,2005,26890000
Madagascar,MDG,2006,14820000
Madagascar,MDG,2007,13280000
Madagascar,MDG,2008,17610000
Madagascar,MDG,2009,14130000
Madagascar,MDG,2010,13180000
Madagascar,MDG,2011,25910000
Madagascar,MDG,2012,25240000
Madagascar,MDG,2013,29070000
Madagascar,MDG,2014,28200000
Madagascar,MDG,2015,17890000
Madagascar,MDG,2016,17760000
Madagascar,MDG,2017,28840000
Madagascar,MDG,2018,24790000
Madagascar,MDG,2019,44730000
Madagascar,MDG,2020,51140000
Malawi,MWI,2000,25620000
Malawi,MWI,2001,8860000
Malawi,MWI,2002,36520000
Malawi,MWI,2003,34270000
Malawi,MWI,2004,18510000
Malawi,MWI,2005,16610000
Malawi,MWI,2006,13830000
Malawi,MWI,2007,26170000
Malawi,MWI,2008,21620000
Malawi,MWI,2009,19570000
Malawi,MWI,2010,24980000
Malawi,MWI,2011,35690000
Malawi,MWI,2012,74000000
Malawi,MWI,2013,95410000
Malawi,MWI,2014,103390000
Malawi,MWI,2015,62940000
Malawi,MWI,2016,65360000
Malawi,MWI,2017,109900000
Malawi,MWI,2018,85540000
Malawi,MWI,2019,89850000
Malawi,MWI,2020,90470000
Malaysia,MYS,2000,563050000
Malaysia,MYS,2001,40000
Malaysia,MYS,2002,5010000
Malaysia,MYS,2003,3570000
Malaysia,MYS,2004,42590000
Malaysia,MYS,2005,21430000
Malaysia,MYS,2006,183320000
Malaysia,MYS,2007,88020000
Malaysia,MYS,2008,90610000
Malaysia,MYS,2009,97820000
Malaysia,MYS,2010,60430000
Malaysia,MYS,2011,121520000
Malaysia,MYS,2012,140380000
Malaysia,MYS,2013,118870000
Malaysia,MYS,2014,70370000
Malaysia,MYS,2015,73500000
Malaysia,MYS,2016,22750000
Malaysia,MYS,2017,1830000
Malaysia,MYS,2018,2490000
Malaysia,MYS,2019,29800000
Malaysia,MYS,2020,630000
Maldives,MDV,2001,610000
Maldives,MDV,2002,220000
Maldives,MDV,2003,0
Maldives,MDV,2004,20000
Maldives,MDV,2006,800000
Maldives,MDV,2007,2410000
Maldives,MDV,2008,540000
Maldives,MDV,2009,1420000
Maldives,MDV,2010,2100000
Maldives,MDV,2011,11050000
Maldives,MDV,2012,4380000
Maldives,MDV,2013,6880000
Maldives,MDV,2014,4700000
Maldives,MDV,2015,7750000
Maldives,MDV,2016,3750000
Maldives,MDV,2017,6610000
Maldives,MDV,2018,23550000
Maldives,MDV,2019,8090000
Maldives,MDV,2020,13680000
Mali,MLI,2000,120900000
Mali,MLI,2001,17610000
Mali,MLI,2002,38830000
Mali,MLI,2003,34480000
Mali,MLI,2004,38410000
Mali,MLI,2005,56430000
Mali,MLI,2006,61330000
Mali,MLI,2007,67030000
Mali,MLI,2008,63630000
Mali,MLI,2009,97310000
Mali,MLI,2010,126830000
Mali,MLI,2011,170560000
Mali,MLI,2012,109440000
Mali,MLI,2013,104560000
Mali,MLI,2014,137710000
Mali,MLI,2015,82590000
Mali,MLI,2016,163170000
Mali,MLI,2017,148220000
Mali,MLI,2018,150720000
Mali,MLI,2019,126520000
Mali,MLI,2020,117240000
Marshall Islands,MHL,2003,0
Marshall Islands,MHL,2004,20000
Marshall Islands,MHL,2005,10000
Marshall Islands,MHL,2006,180000
Marshall Islands,MHL,2007,30000
Marshall Islands,MHL,2009,60000
Marshall Islands,MHL,2010,180000
Marshall Islands,MHL,2011,430000
Marshall Islands,MHL,2012,1120000
Marshall Islands,MHL,2013,590000
Marshall Islands,MHL,2014,970000
Marshall Islands,MHL,2015,980000
Marshall Islands,MHL,2016,610000
Marshall Islands,MHL,2017,2060000
Marshall Islands,MHL,2018,1910000
Marshall Islands,MHL,2019,2089999.9999999998
Marshall Islands,MHL,2020,3650000
Mauritania,MRT,2000,1870000
Mauritania,MRT,2001,7030000
Mauritania,MRT,2002,7670000
Mauritania,MRT,2003,17120000
Mauritania,MRT,2004,10680000
Mauritania,MRT,2005,7500000
Mauritania,MRT,2006,11190000
Mauritania,MRT,2007,12500000
Mauritania,MRT,2008,134080000.00000001
Mauritania,MRT,2009,93960000
Mauritania,MRT,2010,83250000
Mauritania,MRT,2011,41280000
Mauritania,MRT,2012,54530000
Mauritania,MRT,2013,22320000
Mauritania,MRT,2014,26150000
Mauritania,MRT,2015,60440000
Mauritania,MRT,2016,43960000
Mauritania,MRT,2017,62680000
Mauritania,MRT,2018,65599999.99999999
Mauritania,MRT,2019,90610000
Mauritania,MRT,2020,60000000
Mauritius,MUS,2000,6810000
Mauritius,MUS,2001,11830000
Mauritius,MUS,2002,24630000
Mauritius,MUS,2003,12200000
Mauritius,MUS,2004,23020000
Mauritius,MUS,2005,11560000
Mauritius,MUS,2006,15210000
Mauritius,MUS,2007,12170000
Mauritius,MUS,2008,8890000
Mauritius,MUS,2009,1010000
Mauritius,MUS,2010,480000
Mauritius,MUS,2011,2970000
Mauritius,MUS,2012,19500000
Mauritius,MUS,2013,16719999.999999998
Mauritius,MUS,2014,390000
Mauritius,MUS,2015,5470000
Mauritius,MUS,2016,12790000
Mauritius,MUS,2017,160000
Mauritius,MUS,2018,380000
Mauritius,MUS,2019,3100000
Mauritius,MUS,2020,9370000
Mayotte,MYT,2000,1090000
Mayotte,MYT,2002,130000
Mayotte,MYT,2003,140000
Mayotte,MYT,2004,0
Mayotte,MYT,2005,40000
Mayotte,MYT,2007,1840000
Mayotte,MYT,2008,390000
Mayotte,MYT,2009,1530000
Mexico,MEX,2000,190760000
Mexico,MEX,2001,1950000
Mexico,MEX,2002,4420000
Mexico,MEX,2003,29250000
Mexico,MEX,2004,38580000
Mexico,MEX,2005,131070000
Mexico,MEX,2006,119600000
Mexico,MEX,2007,29970000
Mexico,MEX,2008,22140000
Mexico,MEX,2009,11330000
Mexico,MEX,2010,29840000
Mexico,MEX,2011,4800000
Mexico,MEX,2012,5380000
Mexico,MEX,2013,27780000
Mexico,MEX,2014,270680000
Mexico,MEX,2015,16590000
Mexico,MEX,2016,134570000
Mexico,MEX,2017,14050000
Mexico,MEX,2018,1470000
Mexico,MEX,2019,2390000
Mexico,MEX,2020,1340000
Micronesia (country),FSM,2003,0
Micronesia (country),FSM,2006,60000
Micronesia (country),FSM,2007,0
Micronesia (country),FSM,2009,20000
Micronesia (country),FSM,2010,150000
Micronesia (country),FSM,2011,430000
Micronesia (country),FSM,2012,180000
Micronesia (country),FSM,2013,1970000
Micronesia (country),FSM,2014,1690000
Micronesia (country),FSM,2015,1930000
Micronesia (country),FSM,2016,700000
Micronesia (country),FSM,2017,1000000
Micronesia (country),FSM,2018,230000
Micronesia (country),FSM,2019,1540000
Micronesia (country),FSM,2020,1660000
Moldova,MDA,2000,420000
Moldova,MDA,2002,4019999.9999999995
Moldova,MDA,2003,2630000
Moldova,MDA,2004,1390000
Moldova,MDA,2005,2650000
Moldova,MDA,2006,5970000
Moldova,MDA,2007,8780000
Moldova,MDA,2008,4099999.9999999995
Moldova,MDA,2009,28740000
Moldova,MDA,2010,18780000
Moldova,MDA,2011,11270000
Moldova,MDA,2012,31450000
Moldova,MDA,2013,34550000
Moldova,MDA,2014,30500000
Moldova,MDA,2015,67330000
Moldova,MDA,2016,10850000
Moldova,MDA,2017,20030000
Moldova,MDA,2018,12080000
Moldova,MDA,2019,8690000
Moldova,MDA,2020,25060000
Mongolia,MNG,2000,310000
Mongolia,MNG,2001,1720000
Mongolia,MNG,2002,4330000
Mongolia,MNG,2003,5230000
Mongolia,MNG,2004,5590000
Mongolia,MNG,2005,8180000
Mongolia,MNG,2006,11970000
Mongolia,MNG,2007,13880000
Mongolia,MNG,2008,12090000
Mongolia,MNG,2009,13510000
Mongolia,MNG,2010,25090000
Mongolia,MNG,2011,30390000
Mongolia,MNG,2012,35120000
Mongolia,MNG,2013,25420000
Mongolia,MNG,2014,18030000
Mongolia,MNG,2015,7860000
Mongolia,MNG,2016,7060000
Mongolia,MNG,2017,10910000
Mongolia,MNG,2018,24540000
Mongolia,MNG,2019,24190000
Mongolia,MNG,2020,32810000.000000004
Montenegro,MNE,2004,440000
Montenegro,MNE,2005,1380000
Montenegro,MNE,2006,1490000
Montenegro,MNE,2007,2510000
Montenegro,MNE,2008,10170000
Montenegro,MNE,2009,8130000.000000001
Montenegro,MNE,2010,11950000
Montenegro,MNE,2011,18610000
Montenegro,MNE,2012,42000000
Montenegro,MNE,2013,19500000
Montenegro,MNE,2014,29300000
Montenegro,MNE,2015,16300000
Montenegro,MNE,2016,13860000
Montenegro,MNE,2017,10610000
Montenegro,MNE,2018,26540000
Montenegro,MNE,2019,9090000
Montenegro,MNE,2020,14670000
Montserrat,MSR,2000,480000
Montserrat,MSR,2001,280000
Montserrat,MSR,2002,500000
Montserrat,MSR,2003,900000
Montserrat,MSR,2004,220000
Montserrat,MSR,2005,10000
Montserrat,MSR,2007,920000
Montserrat,MSR,2008,1250000
Montserrat,MSR,2009,90000
Montserrat,MSR,2017,230000
Montserrat,MSR,2018,40000
Montserrat,MSR,2019,10000
Morocco,MAR,2000,239530000
Morocco,MAR,2001,256390000
Morocco,MAR,2002,46360000
Morocco,MAR,2003,60670000
Morocco,MAR,2004,85110000
Morocco,MAR,2005,138900000
Morocco,MAR,2006,203520000
Morocco,MAR,2007,109950000
Morocco,MAR,2008,155250000
Morocco,MAR,2009,136640000
Morocco,MAR,2010,161840000
Morocco,MAR,2011,196420000
Morocco,MAR,2012,258360000
Morocco,MAR,2013,170150000
Morocco,MAR,2014,289440000
Morocco,MAR,2015,391900000
Morocco,MAR,2016,260279999.99999997
Morocco,MAR,2017,164780000
Morocco,MAR,2018,168290000
Morocco,MAR,2019,237490000
Morocco,MAR,2020,282480000
Mozambique,MOZ,2000,56550000
Mozambique,MOZ,2001,57220000
Mozambique,MOZ,2002,58280000
Mozambique,MOZ,2003,60300000
Mozambique,MOZ,2004,57140000
Mozambique,MOZ,2005,120170000
Mozambique,MOZ,2006,71480000
Mozambique,MOZ,2007,85600000
Mozambique,MOZ,2008,89230000
Mozambique,MOZ,2009,95750000
Mozambique,MOZ,2010,93180000
Mozambique,MOZ,2011,114050000
Mozambique,MOZ,2012,158390000
Mozambique,MOZ,2013,218300000
Mozambique,MOZ,2014,135470000
Mozambique,MOZ,2015,146050000
Mozambique,MOZ,2016,143300000
Mozambique,MOZ,2017,107630000
Mozambique,MOZ,2018,119480000
Mozambique,MOZ,2019,118010000
Mozambique,MOZ,2020,132430000
Myanmar,MMR,2000,1500000
Myanmar,MMR,2001,6650000
Myanmar,MMR,2002,6220000
Myanmar,MMR,2003,7550000
Myanmar,MMR,2004,2190000
Myanmar,MMR,2005,910000
Myanmar,MMR,2006,1440000
Myanmar,MMR,2007,2530000
Myanmar,MMR,2008,4330000
Myanmar,MMR,2009,7520000
Myanmar,MMR,2010,20020000
Myanmar,MMR,2011,12310000
Myanmar,MMR,2012,8710000
Myanmar,MMR,2013,27820000
Myanmar,MMR,2014,34410000
Myanmar,MMR,2015,85000000
Myanmar,MMR,2016,93160000
Myanmar,MMR,2017,76560000
Myanmar,MMR,2018,119170000
Myanmar,MMR,2019,146160000
Myanmar,MMR,2020,97190000
Namibia,NAM,2000,2720000
Namibia,NAM,2001,15800000
Namibia,NAM,2002,2800000
Namibia,NAM,2003,6030000
Namibia,NAM,2004,8440000
Namibia,NAM,2005,2360000
Namibia,NAM,2006,4570000
Namibia,NAM,2007,6110000
Namibia,NAM,2008,10920000
Namibia,NAM,2009,11740000
Namibia,NAM,2010,13850000
Namibia,NAM,2011,53730000
Namibia,NAM,2012,16830000
Namibia,NAM,2013,15790000
Namibia,NAM,2014,12360000
Namibia,NAM,2015,2770000
Namibia,NAM,2016,10660000
Namibia,NAM,2017,5700000
Namibia,NAM,2018,5300000
Namibia,NAM,2019,2300000
Namibia,NAM,2020,1400000
Nauru,NRU,2005,10000
Nauru,NRU,2007,0
Nauru,NRU,2008,140000
Nauru,NRU,2009,110000
Nauru,NRU,2010,180000
Nauru,NRU,2011,230000
Nauru,NRU,2012,190000
Nauru,NRU,2013,240000
Nauru,NRU,2014,90000
Nauru,NRU,2015,4930000
Nauru,NRU,2016,1810000
Nauru,NRU,2017,110000
Nauru,NRU,2018,60000
Nauru,NRU,2019,170000
Nepal,NPL,2000,60390000
Nepal,NPL,2001,300430000
Nepal,NPL,2002,45930000
Nepal,NPL,2003,90680000
Nepal,NPL,2004,51110000
Nepal,NPL,2005,53000000
Nepal,NPL,2006,47950000
Nepal,NPL,2007,28940000
Nepal,NPL,2008,48370000
Nepal,NPL,2009,58390000
Nepal,NPL,2010,76230000
Nepal,NPL,2011,83760000
Nepal,NPL,2012,110020000
Nepal,NPL,2013,84060000
Nepal,NPL,2014,89650000
Nepal,NPL,2015,110770000
Nepal,NPL,2016,131500000
Nepal,NPL,2017,177000000
Nepal,NPL,2018,137440000
Nepal,NPL,2019,149230000
Nepal,NPL,2020,152510000
Nicaragua,NIC,2000,74340000
Nicaragua,NIC,2001,37570000
Nicaragua,NIC,2002,29130000
Nicaragua,NIC,2003,20350000
Nicaragua,NIC,2004,22790000
Nicaragua,NIC,2005,24720000
Nicaragua,NIC,2006,16900000
Nicaragua,NIC,2007,33760000
Nicaragua,NIC,2008,38280000
Nicaragua,NIC,2009,111400000
Nicaragua,NIC,2010,50100000
Nicaragua,NIC,2011,38870000
Nicaragua,NIC,2012,42190000
Nicaragua,NIC,2013,47560000
Nicaragua,NIC,2014,38170000
Nicaragua,NIC,2015,47110000
Nicaragua,NIC,2016,37930000
Nicaragua,NIC,2017,31230000
Nicaragua,NIC,2018,62430000
Nicaragua,NIC,2019,67620000
Nicaragua,NIC,2020,157350000
Niger,NER,2000,68020000
Niger,NER,2001,106710000
Niger,NER,2002,21890000
Niger,NER,2003,36240000
Niger,NER,2004,58890000
Niger,NER,2005,57400000
Niger,NER,2006,55120000
Niger,NER,2007,32090000.000000004
Niger,NER,2008,42390000
Niger,NER,2009,42580000
Niger,NER,2010,40890000
Niger,NER,2011,35420000
Niger,NER,2012,32310000.000000004
Niger,NER,2013,47170000
Niger,NER,2014,55810000
Niger,NER,2015,72910000
Niger,NER,2016,65590000
Niger,NER,2017,79090000
Niger,NER,2018,82970000
Niger,NER,2019,162330000
Niger,NER,2020,201490000
Nigeria,NGA,2000,52470000
Nigeria,NGA,2001,90790000
Nigeria,NGA,2002,11220000
Nigeria,NGA,2003,11550000
Nigeria,NGA,2004,22980000
Nigeria,NGA,2005,41220000
Nigeria,NGA,2006,60460000
Nigeria,NGA,2007,85190000
Nigeria,NGA,2008,107210000
Nigeria,NGA,2009,101830000
Nigeria,NGA,2010,110240000
Nigeria,NGA,2011,105550000
Nigeria,NGA,2012,124140000
Nigeria,NGA,2013,137130000
Nigeria,NGA,2014,167420000
Nigeria,NGA,2015,206750000
Nigeria,NGA,2016,201220000
Nigeria,NGA,2017,151690000
Nigeria,NGA,2018,215900000
Nigeria,NGA,2019,199840000
Nigeria,NGA,2020,131970000
Niue,NIU,2002,100000
Niue,NIU,2004,90000
Niue,NIU,2005,460000
Niue,NIU,2007,20000
Niue,NIU,2008,30000
Niue,NIU,2009,100000
Niue,NIU,2010,350000
Niue,NIU,2011,130000
Niue,NIU,2012,210000
Niue,NIU,2013,110000
Niue,NIU,2016,10000
Niue,NIU,2017,30000
Niue,NIU,2019,10000
Niue,NIU,2020,10000
North Korea,PRK,2000,250000
North Korea,PRK,2001,1170000
North Korea,PRK,2002,190000
North Korea,PRK,2003,450000
North Korea,PRK,2004,450000
North Korea,PRK,2005,680000
North Korea,PRK,2006,190000
North Korea,PRK,2007,940000
North Korea,PRK,2008,2420000
North Korea,PRK,2009,690000
North Korea,PRK,2010,8029999.999999999
North Korea,PRK,2011,6540000
North Korea,PRK,2012,6820000
North Korea,PRK,2013,3030000
North Korea,PRK,2014,4130000
North Korea,PRK,2015,2300000
North Korea,PRK,2016,1540000
North Korea,PRK,2017,1050000
North Korea,PRK,2018,1170000
North Korea,PRK,2019,1180000
North Korea,PRK,2020,160000
North Macedonia,MKD,2000,55610000
North Macedonia,MKD,2001,29140000
North Macedonia,MKD,2002,10370000
North Macedonia,MKD,2003,19920000
North Macedonia,MKD,2004,16230000
North Macedonia,MKD,2005,19640000
North Macedonia,MKD,2006,27020000
North Macedonia,MKD,2007,26500000
North Macedonia,MKD,2008,28610000
North Macedonia,MKD,2009,30770000
North Macedonia,MKD,2010,27860000
North Macedonia,MKD,2011,8630000
North Macedonia,MKD,2012,12960000
North Macedonia,MKD,2013,19380000
North Macedonia,MKD,2014,32140000
North Macedonia,MKD,2015,13290000
North Macedonia,MKD,2016,20100000
North Macedonia,MKD,2017,16860000
North Macedonia,MKD,2018,18010000
North Macedonia,MKD,2019,11980000
North Macedonia,MKD,2020,14770000
Northern Africa (UN),,2000,443030000
Northern Africa (UN),,2001,542250000
Northern Africa (UN),,2002,262829999.99999997
Northern Africa (UN),,2003,221510000
Northern Africa (UN),,2004,442170000
Northern Africa (UN),,2005,422680000
Northern Africa (UN),,2006,477350000
Northern Africa (UN),,2007,352660000
Northern Africa (UN),,2008,450080000
Northern Africa (UN),,2009,528620000
Northern Africa (UN),,2010,541790000
Northern Africa (UN),,2011,610410000
Northern Africa (UN),,2012,604480000
Northern Africa (UN),,2013,442200000
Northern Africa (UN),,2014,653250000
Northern Africa (UN),,2015,967920000
Northern Africa (UN),,2016,753260000
Northern Africa (UN),,2017,530150000
Northern Africa (UN),,2018,808380000
Northern Africa (UN),,2019,785400000
Northern Africa (UN),,2020,975950000
Oceania (UN),,2000,26300000
Oceania (UN),,2001,51920000
Oceania (UN),,2002,18830000
Oceania (UN),,2003,7730000
Oceania (UN),,2004,10710000
Oceania (UN),,2005,10160000
Oceania (UN),,2006,13020000
Oceania (UN),,2007,13460000
Oceania (UN),,2008,26790000
Oceania (UN),,2009,19480000
Oceania (UN),,2010,40250000
Oceania (UN),,2011,53570000
Oceania (UN),,2012,35670000
Oceania (UN),,2013,44400000
Oceania (UN),,2014,49080000
Oceania (UN),,2015,65910000
Oceania (UN),,2016,90790000
Oceania (UN),,2017,85700000
Oceania (UN),,2018,94130000
Oceania (UN),,2019,95040000
Oceania (UN),,2020,66010000.00000001
Oman,OMN,2000,30000
Oman,OMN,2001,20000
Oman,OMN,2002,40000
Oman,OMN,2003,50000
Oman,OMN,2004,20000
Oman,OMN,2005,40000
Oman,OMN,2006,110000
Oman,OMN,2007,180000
Oman,OMN,2009,390000
Oman,OMN,2010,240000
Pakistan,PAK,2000,15700000
Pakistan,PAK,2001,31090000
Pakistan,PAK,2002,101560000
Pakistan,PAK,2003,42530000
Pakistan,PAK,2004,52840000
Pakistan,PAK,2005,45400000
Pakistan,PAK,2006,100850000
Pakistan,PAK,2007,114820000
Pakistan,PAK,2008,65140000
Pakistan,PAK,2009,77090000
Pakistan,PAK,2010,81330000
Pakistan,PAK,2011,112970000
Pakistan,PAK,2012,181700000
Pakistan,PAK,2013,238900000
Pakistan,PAK,2014,247780000
Pakistan,PAK,2015,292950000
Pakistan,PAK,2016,182580000
Pakistan,PAK,2017,310640000
Pakistan,PAK,2018,221630000
Pakistan,PAK,2019,181460000
Pakistan,PAK,2020,164830000
Palau,PLW,2003,20000
Palau,PLW,2005,270000
Palau,PLW,2006,1190000
Palau,PLW,2007,920000
Palau,PLW,2008,540000
Palau,PLW,2009,220000
Palau,PLW,2010,160000
Palau,PLW,2011,3470000
Palau,PLW,2012,190000
Palau,PLW,2013,470000
Palau,PLW,2014,580000
Palau,PLW,2015,1430000
Palau,PLW,2016,7700000
Palau,PLW,2017,5580000
Palau,PLW,2018,7270000
Palau,PLW,2019,7350000
Palau,PLW,2020,3760000
Palestine,PSE,2000,135570000
Palestine,PSE,2001,350930000
Palestine,PSE,2002,80180000
Palestine,PSE,2003,84710000
Palestine,PSE,2004,59120000
Palestine,PSE,2005,51750000
Palestine,PSE,2006,69940000
Palestine,PSE,2007,50850000
Palestine,PSE,2008,55830000
Palestine,PSE,2009,52670000
Palestine,PSE,2010,131520000.00000001
Palestine,PSE,2011,110960000
Palestine,PSE,2012,105320000
Palestine,PSE,2013,81250000
Palestine,PSE,2014,114660000
Palestine,PSE,2015,124070000
Palestine,PSE,2016,112670000
Palestine,PSE,2017,109090000
Palestine,PSE,2018,145460000
Palestine,PSE,2019,117690000
Palestine,PSE,2020,75640000
Panama,PAN,2000,1460000
Panama,PAN,2001,7030000
Panama,PAN,2002,260000
Panama,PAN,2003,2049999.9999999998
Panama,PAN,2004,30000
Panama,PAN,2005,3310000
Panama,PAN,2006,2610000
Panama,PAN,2007,430000
Panama,PAN,2008,3980000
Panama,PAN,2009,30530000
Panama,PAN,2010,89910000
Panama,PAN,2011,67760000
Panama,PAN,2012,15810000
Panama,PAN,2013,11000000
Panama,PAN,2014,2510000
Panama,PAN,2015,1270000
Panama,PAN,2016,1500000
Panama,PAN,2017,4990000
Panama,PAN,2018,18370000
Panama,PAN,2019,20530000
Panama,PAN,2020,2980000
Papua New Guinea,PNG,2000,12210000
Papua New Guinea,PNG,2001,47820000
Papua New Guinea,PNG,2002,10060000
Papua New Guinea,PNG,2003,3090000
Papua New Guinea,PNG,2004,6080000
Papua New Guinea,PNG,2005,2220000
Papua New Guinea,PNG,2006,3760000
Papua New Guinea,PNG,2007,3340000
Papua New Guinea,PNG,2008,4550000
Papua New Guinea,PNG,2009,1300000
Papua New Guinea,PNG,2010,13870000
Papua New Guinea,PNG,2011,7030000
Papua New Guinea,PNG,2012,10690000
Papua New Guinea,PNG,2013,2140000
Papua New Guinea,PNG,2014,5000000
Papua New Guinea,PNG,2015,6260000
Papua New Guinea,PNG,2016,37410000
Papua New Guinea,PNG,2017,29590000
Papua New Guinea,PNG,2018,34800000
Papua New Guinea,PNG,2019,27600000
Papua New Guinea,PNG,2020,17130000
Paraguay,PRY,2000,610000
Paraguay,PRY,2001,10000
Paraguay,PRY,2002,360000
Paraguay,PRY,2003,380000
Paraguay,PRY,2004,210000
Paraguay,PRY,2005,740000
Paraguay,PRY,2006,620000
Paraguay,PRY,2007,690000
Paraguay,PRY,2008,2780000
Paraguay,PRY,2009,14290000
Paraguay,PRY,2010,8400000
Paraguay,PRY,2011,4800000
Paraguay,PRY,2012,9290000
Paraguay,PRY,2013,11650000
Paraguay,PRY,2014,3860000
Paraguay,PRY,2015,3530000
Paraguay,PRY,2016,18930000
Paraguay,PRY,2017,8950000
Paraguay,PRY,2018,17150000
Paraguay,PRY,2019,29790000
Paraguay,PRY,2020,21570000
Peru,PER,2000,329740000
Peru,PER,2001,8070000
Peru,PER,2002,17990000
Peru,PER,2003,32630000.000000004
Peru,PER,2004,37030000
Peru,PER,2005,43430000
Peru,PER,2006,56750000
Peru,PER,2007,180180000
Peru,PER,2008,155060000
Peru,PER,2009,112610000
Peru,PER,2010,210750000
Peru,PER,2011,211270000
Peru,PER,2012,61250000
Peru,PER,2013,54000000
Peru,PER,2014,57760000
Peru,PER,2015,71250000
Peru,PER,2016,44920000
Peru,PER,2017,60990000
Peru,PER,2018,76110000
Peru,PER,2019,50860000
Peru,PER,2020,16860000
Philippines,PHL,2000,20880000
Philippines,PHL,2001,75980000
Philippines,PHL,2002,20180000
Philippines,PHL,2003,26760000
Philippines,PHL,2004,28930000
Philippines,PHL,2005,25460000
Philippines,PHL,2006,29080000
Philippines,PHL,2007,58260000
Philippines,PHL,2008,97080000
Philippines,PHL,2009,45330000
Philippines,PHL,2010,45020000
Philippines,PHL,2011,24140000
Philippines,PHL,2012,14620000
Philippines,PHL,2013,22240000
Philippines,PHL,2014,25050000
Philippines,PHL,2015,28680000
Philippines,PHL,2016,21240000
Philippines,PHL,2017,24040000
Philippines,PHL,2018,117690000
Philippines,PHL,2019,93620000
Philippines,PHL,2020,27060000
Rwanda,RWA,2000,40050000
Rwanda,RWA,2001,12020000
Rwanda,RWA,2002,6580000
Rwanda,RWA,2003,6160000
Rwanda,RWA,2004,20430000
Rwanda,RWA,2005,27080000
Rwanda,RWA,2006,31950000
Rwanda,RWA,2007,53080000
Rwanda,RWA,2008,42250000
Rwanda,RWA,2009,23850000
Rwanda,RWA,2010,39560000
Rwanda,RWA,2011,43080000
Rwanda,RWA,2012,34080000
Rwanda,RWA,2013,41390000
Rwanda,RWA,2014,33980000
Rwanda,RWA,2015,38940000
Rwanda,RWA,2016,68450000
Rwanda,RWA,2017,60680000
Rwanda,RWA,2018,47300000
Rwanda,RWA,2019,49910000
Rwanda,RWA,2020,46490000
Saint Helena,SHN,2000,2850000
Saint Helena,SHN,2001,240000
Saint Helena,SHN,2002,750000
Saint Helena,SHN,2003,390000
Saint Helena,SHN,2004,940000
Saint Helena,SHN,2005,220000
Saint Helena,SHN,2006,230000
Saint Helena,SHN,2007,220000
Saint Helena,SHN,2009,310000
Saint Helena,SHN,2010,250000
Saint Helena,SHN,2017,140000
Saint Kitts and Nevis,KNA,2001,130000
Saint Kitts and Nevis,KNA,2002,50000
Saint Kitts and Nevis,KNA,2009,10000
Saint Kitts and Nevis,KNA,2010,20000
Saint Kitts and Nevis,KNA,2011,20000
Saint Lucia,LCA,2000,420000
Saint Lucia,LCA,2001,8250000
Saint Lucia,LCA,2002,7770000
Saint Lucia,LCA,2003,1830000
Saint Lucia,LCA,2004,560000
Saint Lucia,LCA,2005,630000
Saint Lucia,LCA,2006,3770000
Saint Lucia,LCA,2007,1170000
Saint Lucia,LCA,2008,1450000
Saint Lucia,LCA,2009,20000
Saint Lucia,LCA,2010,70000
Saint Lucia,LCA,2011,120000
Saint Lucia,LCA,2012,40000
Saint Lucia,LCA,2013,30000
Saint Lucia,LCA,2014,280000
Saint Lucia,LCA,2015,290000
Saint Lucia,LCA,2016,590000
Saint Lucia,LCA,2017,540000
Saint Lucia,LCA,2018,1950000
Saint Lucia,LCA,2019,210000
Saint Lucia,LCA,2020,360000
Saint Vincent and the Grenadines,VCT,2002,1700000
Saint Vincent and the Grenadines,VCT,2003,3140000
Saint Vincent and the Grenadines,VCT,2004,1610000
Saint Vincent and the Grenadines,VCT,2005,1300000
Saint Vincent and the Grenadines,VCT,2006,1190000
Saint Vincent and the Grenadines,VCT,2007,580000
Saint Vincent and the Grenadines,VCT,2008,380000
Saint Vincent and the Grenadines,VCT,2010,20000
Saint Vincent and the Grenadines,VCT,2012,40000
Saint Vincent and the Grenadines,VCT,2013,20000
Saint Vincent and the Grenadines,VCT,2014,10000
Saint Vincent and the Grenadines,VCT,2015,20000
Saint Vincent and the Grenadines,VCT,2016,40000
Saint Vincent and the Grenadines,VCT,2017,30000
Saint Vincent and the Grenadines,VCT,2019,80000
Saint Vincent and the Grenadines,VCT,2020,1800000
Samoa,WSM,2000,240000
Samoa,WSM,2002,5230000
Samoa,WSM,2003,2680000
Samoa,WSM,2004,1340000
Samoa,WSM,2005,1730000
Samoa,WSM,2006,3690000
Samoa,WSM,2007,2270000
Samoa,WSM,2008,8920000
Samoa,WSM,2009,8810000
Samoa,WSM,2010,15310000
Samoa,WSM,2011,19840000
Samoa,WSM,2012,7970000
Samoa,WSM,2013,3060000
Samoa,WSM,2014,15260000
Samoa,WSM,2015,20490000
Samoa,WSM,2016,19210000
Samoa,WSM,2017,15270000
Samoa,WSM,2018,19370000
Samoa,WSM,2019,8020000
Samoa,WSM,2020,840000
Sao Tome and Principe,STP,2000,5090000
Sao Tome and Principe,STP,2001,1910000
Sao Tome and Principe,STP,2002,2380000
Sao Tome and Principe,STP,2003,3150000
Sao Tome and Principe,STP,2004,2730000
Sao Tome and Principe,STP,2005,1840000
Sao Tome and Principe,STP,2006,870000
Sao Tome and Principe,STP,2007,750000
Sao Tome and Principe,STP,2008,800000
Sao Tome and Principe,STP,2009,950000
Sao Tome and Principe,STP,2010,3020000
Sao Tome and Principe,STP,2011,1180000
Sao Tome and Principe,STP,2012,480000
Sao Tome and Principe,STP,2013,830000
Sao Tome and Principe,STP,2014,880000
Sao Tome and Principe,STP,2015,6500000
Sao Tome and Principe,STP,2016,8740000
Sao Tome and Principe,STP,2017,8550000
Sao Tome and Principe,STP,2018,8480000
Sao Tome and Principe,STP,2019,6440000
Sao Tome and Principe,STP,2020,6510000
Saudi Arabia,SAU,2000,40000
Saudi Arabia,SAU,2001,10000
Saudi Arabia,SAU,2002,20000
Saudi Arabia,SAU,2003,20000
Saudi Arabia,SAU,2004,50000
Saudi Arabia,SAU,2005,40000
Saudi Arabia,SAU,2006,110000
Saudi Arabia,SAU,2007,630000
Senegal,SEN,2000,26100000
Senegal,SEN,2001,263630000
Senegal,SEN,2002,45960000
Senegal,SEN,2003,49760000
Senegal,SEN,2004,86300000
Senegal,SEN,2005,65000000
Senegal,SEN,2006,47040000
Senegal,SEN,2007,82280000
Senegal,SEN,2008,79940000
Senegal,SEN,2009,70770000
Senegal,SEN,2010,65700000
Senegal,SEN,2011,111010000
Senegal,SEN,2012,86970000
Senegal,SEN,2013,107940000
Senegal,SEN,2014,153240000
Senegal,SEN,2015,120520000
Senegal,SEN,2016,73650000
Senegal,SEN,2017,63730000
Senegal,SEN,2018,224410000
Senegal,SEN,2019,167560000
Senegal,SEN,2020,128860000.00000001
Serbia,SRB,2000,61310000
Serbia,SRB,2001,45660000
Serbia,SRB,2002,20030000
Serbia,SRB,2003,22480000
Serbia,SRB,2004,24240000
Serbia,SRB,2005,24550000
Serbia,SRB,2006,34860000
Serbia,SRB,2007,41230000
Serbia,SRB,2008,30830000
Serbia,SRB,2009,33140000
Serbia,SRB,2010,31900000
Serbia,SRB,2011,25810000
Serbia,SRB,2012,29530000
Serbia,SRB,2013,29040000
Serbia,SRB,2014,26260000
Serbia,SRB,2015,31180000
Serbia,SRB,2016,36190000
Serbia,SRB,2017,45010000
Serbia,SRB,2018,38480000
Serbia,SRB,2019,48380000
Serbia,SRB,2020,36330000
Seychelles,SYC,2003,50000
Seychelles,SYC,2004,260000
Seychelles,SYC,2007,40000
Seychelles,SYC,2008,180000
Seychelles,SYC,2009,590000
Seychelles,SYC,2010,630000
Seychelles,SYC,2011,1830000
Seychelles,SYC,2012,690000
Seychelles,SYC,2013,9570000
Seychelles,SYC,2014,2510000
Seychelles,SYC,2015,70000
Seychelles,SYC,2016,5130000
Seychelles,SYC,2017,200000
Sierra Leone,SLE,2000,3700000
Sierra Leone,SLE,2001,3080000
Sierra Leone,SLE,2002,6460000
Sierra Leone,SLE,2003,2290000
Sierra Leone,SLE,2004,29910000
Sierra Leone,SLE,2005,8400000
Sierra Leone,SLE,2006,5540000
Sierra Leone,SLE,2007,34580000
Sierra Leone,SLE,2008,16830000
Sierra Leone,SLE,2009,23140000
Sierra Leone,SLE,2010,12030000
Sierra Leone,SLE,2011,16410000
Sierra Leone,SLE,2012,30210000
Sierra Leone,SLE,2013,43910000
Sierra Leone,SLE,2014,40750000
Sierra Leone,SLE,2015,21500000
Sierra Leone,SLE,2016,33760000
Sierra Leone,SLE,2017,42580000
Sierra Leone,SLE,2018,51530000
Sierra Leone,SLE,2019,28850000
Sierra Leone,SLE,2020,32710000
Slovenia,SVN,2000,17710000
Slovenia,SVN,2001,14520000
Slovenia,SVN,2002,0
Small Island Developing States (SIDS),,2000,170840000
Small Island Developing States (SIDS),,2001,141650000
Small Island Developing States (SIDS),,2002,103870000
Small Island Developing States (SIDS),,2003,89380000
Small Island Developing States (SIDS),,2004,112610000
Small Island Developing States (SIDS),,2005,92980000
Small Island Developing States (SIDS),,2006,109940000
Small Island Developing States (SIDS),,2007,79570000
Small Island Developing States (SIDS),,2008,119910000
Small Island Developing States (SIDS),,2009,220500000
Small Island Developing States (SIDS),,2010,190310000
Small Island Developing States (SIDS),,2011,200300000
Small Island Developing States (SIDS),,2012,173880000
Small Island Developing States (SIDS),,2013,189150000
Small Island Developing States (SIDS),,2014,204880000
Small Island Developing States (SIDS),,2015,243790000
Small Island Developing States (SIDS),,2016,306460000
Small Island Developing States (SIDS),,2017,295260000
Small Island Developing States (SIDS),,2018,322530000
Small Island Developing States (SIDS),,2019,209490000
Small Island Developing States (SIDS),,2020,357630000
Solomon Islands,SLB,2000,2089999.9999999998
Solomon Islands,SLB,2001,230000
Solomon Islands,SLB,2002,220000
Solomon Islands,SLB,2003,130000
Solomon Islands,SLB,2004,120000
Solomon Islands,SLB,2005,890000
Solomon Islands,SLB,2006,870000
Solomon Islands,SLB,2007,130000
Solomon Islands,SLB,2008,340000
Solomon Islands,SLB,2009,470000
Solomon Islands,SLB,2010,5620000
Solomon Islands,SLB,2011,4440000
Solomon Islands,SLB,2012,7820000
Solomon Islands,SLB,2013,18560000
Solomon Islands,SLB,2014,8039999.999999999
Solomon Islands,SLB,2015,7880000
Solomon Islands,SLB,2016,5530000
Solomon Islands,SLB,2017,10320000
Solomon Islands,SLB,2018,9670000
Solomon Islands,SLB,2019,16649999.999999998
Solomon Islands,SLB,2020,21050000
Somalia,SOM,2000,3030000
Somalia,SOM,2001,3730000
Somalia,SOM,2002,1610000
Somalia,SOM,2003,1690000
Somalia,SOM,2004,1300000
Somalia,SOM,2005,1580000
Somalia,SOM,2006,5690000
Somalia,SOM,2007,3060000
Somalia,SOM,2008,5090000
Somalia,SOM,2009,5650000
Somalia,SOM,2010,3500000
Somalia,SOM,2011,6530000
Somalia,SOM,2012,11340000
Somalia,SOM,2013,8690000
Somalia,SOM,2014,8550000
Somalia,SOM,2015,27310000
Somalia,SOM,2016,34440000
Somalia,SOM,2017,21350000
Somalia,SOM,2018,15380000
Somalia,SOM,2019,17000000
Somalia,SOM,2020,22280000
South Africa,ZAF,2000,10010000
South Africa,ZAF,2001,10880000
South Africa,ZAF,2002,11110000
South Africa,ZAF,2003,9180000
South Africa,ZAF,2004,13600000
South Africa,ZAF,2005,37980000
South Africa,ZAF,2006,87120000
South Africa,ZAF,2007,11610000
South Africa,ZAF,2008,48570000
South Africa,ZAF,2009,57740000
South Africa,ZAF,2010,47560000
South Africa,ZAF,2011,128570000
South Africa,ZAF,2012,3890000
South Africa,ZAF,2013,3170000
South Africa,ZAF,2014,3080000
South Africa,ZAF,2015,3120000
South Africa,ZAF,2016,31080000
South Africa,ZAF,2017,1930000
South Africa,ZAF,2018,1790000
South Africa,ZAF,2019,96960000
South Africa,ZAF,2020,3960000
South Sudan,SSD,2011,11010000
South Sudan,SSD,2012,18630000
South Sudan,SSD,2013,31500000
South Sudan,SSD,2014,22570000
South Sudan,SSD,2015,41860000
South Sudan,SSD,2016,52490000
South Sudan,SSD,2017,51180000
South Sudan,SSD,2018,55500000
South Sudan,SSD,2019,35700000
South Sudan,SSD,2020,25750000
Sri Lanka,LKA,2000,33820000
Sri Lanka,LKA,2001,53280000
Sri Lanka,LKA,2002,19340000
Sri Lanka,LKA,2003,36790000
Sri Lanka,LKA,2004,47450000
Sri Lanka,LKA,2005,84720000
Sri Lanka,LKA,2006,100290000
Sri Lanka,LKA,2007,78100000
Sri Lanka,LKA,2008,129199999.99999999
Sri Lanka,LKA,2009,91180000
Sri Lanka,LKA,2010,168830000
Sri Lanka,LKA,2011,168170000
Sri Lanka,LKA,2012,159120000
Sri Lanka,LKA,2013,129310000
Sri Lanka,LKA,2014,161230000
Sri Lanka,LKA,2015,157890000
Sri Lanka,LKA,2016,131330000.00000001
Sri Lanka,LKA,2017,159280000
Sri Lanka,LKA,2018,185610000
Sri Lanka,LKA,2019,148130000
Sri Lanka,LKA,2020,132020000.00000001
Sub-Saharan Africa (UN),,2000,992320000
Sub-Saharan Africa (UN),,2001,1265340000
Sub-Saharan Africa (UN),,2002,682390000
Sub-Saharan Africa (UN),,2003,822250000
Sub-Saharan Africa (UN),,2004,962490000
Sub-Saharan Africa (UN),,2005,1215110000
Sub-Saharan Africa (UN),,2006,1284160000
Sub-Saharan Africa (UN),,2007,1575230000
Sub-Saharan Africa (UN),,2008,1760540000
Sub-Saharan Africa (UN),,2009,1857870000
Sub-Saharan Africa (UN),,2010,2008840000
Sub-Saharan Africa (UN),,2011,2194060000
Sub-Saharan Africa (UN),,2012,2386260000
Sub-Saharan Africa (UN),,2013,2594330000
Sub-Saharan Africa (UN),,2014,2564750000
Sub-Saharan Africa (UN),,2015,2503140000
Sub-Saharan Africa (UN),,2016,2893870000
Sub-Saharan Africa (UN),,2017,2637670000
Sub-Saharan Africa (UN),,2018,2981970000
Sub-Saharan Africa (UN),,2019,3076910000
Sub-Saharan Africa (UN),,2020,2398610000
Sudan,SDN,2000,3730000
Sudan,SDN,2001,16040000
Sudan,SDN,2002,5580000
Sudan,SDN,2003,2170000
Sudan,SDN,2004,1980000
Sudan,SDN,2005,12030000
Sudan,SDN,2006,21110000
Sudan,SDN,2007,21560000
Sudan,SDN,2008,33830000
Sudan,SDN,2009,77920000
Sudan,SDN,2010,102690000
Sudan,SDN,2011,119270000
Sudan,SDN,2012,121780000
Sudan,SDN,2013,101810000
Sudan,SDN,2014,120410000
Sudan,SDN,2015,225020000
Sudan,SDN,2016,54580000
Sudan,SDN,2017,44070000
Sudan,SDN,2018,38370000
Sudan,SDN,2019,64190000
Sudan,SDN,2020,32590000.000000004
Suriname,SUR,2000,260000
Suriname,SUR,2001,0
Suriname,SUR,2002,3170000
Suriname,SUR,2003,1480000
Suriname,SUR,2004,4040000
Suriname,SUR,2005,7830000
Suriname,SUR,2006,7230000
Suriname,SUR,2007,4550000
Suriname,SUR,2008,3910000
Suriname,SUR,2009,6470000
Suriname,SUR,2010,6870000
Suriname,SUR,2011,10160000
Suriname,SUR,2013,460000
Suriname,SUR,2014,20000
Suriname,SUR,2015,440000
Suriname,SUR,2016,800000
Suriname,SUR,2017,1740000
Suriname,SUR,2018,380000
Suriname,SUR,2019,1080000
Suriname,SUR,2020,450000
Syria,SYR,2000,15190000
Syria,SYR,2001,13990000
Syria,SYR,2002,1940000
Syria,SYR,2003,15330000
Syria,SYR,2004,11060000
Syria,SYR,2005,5590000
Syria,SYR,2006,16890000
Syria,SYR,2007,17700000
Syria,SYR,2008,6050000
Syria,SYR,2009,7820000
Syria,SYR,2010,11400000
Syria,SYR,2011,14970000
Syria,SYR,2012,1610000
Syria,SYR,2013,1280000
Syria,SYR,2014,4059999.9999999995
Syria,SYR,2015,4170000
Syria,SYR,2016,2650000
Syria,SYR,2017,8820000
Syria,SYR,2018,24370000
Syria,SYR,2019,26900000
Syria,SYR,2020,35570000
Tajikistan,TJK,2000,16290000
Tajikistan,TJK,2001,6860000
Tajikistan,TJK,2002,3320000
Tajikistan,TJK,2003,5630000
Tajikistan,TJK,2004,18840000
Tajikistan,TJK,2005,23870000
Tajikistan,TJK,2006,11300000
Tajikistan,TJK,2007,7230000
Tajikistan,TJK,2008,14540000
Tajikistan,TJK,2009,14710000
Tajikistan,TJK,2010,22290000
Tajikistan,TJK,2011,22740000
Tajikistan,TJK,2012,34050000
Tajikistan,TJK,2013,32880000.000000004
Tajikistan,TJK,2014,36180000
Tajikistan,TJK,2015,43360000
Tajikistan,TJK,2016,60590000
Tajikistan,TJK,2017,25700000
Tajikistan,TJK,2018,72490000
Tajikistan,TJK,2019,63700000
Tajikistan,TJK,2020,93680000
Tanzania,TZA,2000,56580000
Tanzania,TZA,2001,26260000
Tanzania,TZA,2002,39980000
Tanzania,TZA,2003,75640000
Tanzania,TZA,2004,41160000
Tanzania,TZA,2005,60720000
Tanzania,TZA,2006,97720000
Tanzania,TZA,2007,151930000
Tanzania,TZA,2008,156580000
Tanzania,TZA,2009,219800000
Tanzania,TZA,2010,218980000
Tanzania,TZA,2011,171360000
Tanzania,TZA,2012,220570000
Tanzania,TZA,2013,190830000
Tanzania,TZA,2014,164150000
Tanzania,TZA,2015,138790000
Tanzania,TZA,2016,113900000
Tanzania,TZA,2017,63370000
Tanzania,TZA,2018,166940000
Tanzania,TZA,2019,235480000
Tanzania,TZA,2020,136630000
Thailand,THA,2000,83290000
Thailand,THA,2001,25590000
Thailand,THA,2002,6900000
Thailand,THA,2003,24740000
Thailand,THA,2004,15850000
Thailand,THA,2005,16579999.999999998
Thailand,THA,2006,5420000
Thailand,THA,2007,3700000
Thailand,THA,2008,3040000
Thailand,THA,2009,2029999.9999999998
Thailand,THA,2010,7410000
Thailand,THA,2011,10800000
Thailand,THA,2012,11570000
Thailand,THA,2013,14990000
Thailand,THA,2014,26460000
Thailand,THA,2015,8359999.999999999
Thailand,THA,2016,6240000
Thailand,THA,2017,2750000
Thailand,THA,2018,1620000
Thailand,THA,2019,3140000
Thailand,THA,2020,1510000
Timor,TLS,2000,3780000
Timor,TLS,2001,26320000
Timor,TLS,2002,4570000
Timor,TLS,2003,4360000
Timor,TLS,2004,5940000
Timor,TLS,2005,11790000
Timor,TLS,2006,11440000
Timor,TLS,2007,9560000
Timor,TLS,2008,13690000
Timor,TLS,2009,16440000.000000002
Timor,TLS,2010,17530000
Timor,TLS,2011,22620000
Timor,TLS,2012,15010000
Timor,TLS,2013,10230000
Timor,TLS,2014,11610000
Timor,TLS,2015,16910000
Timor,TLS,2016,15890000
Timor,TLS,2017,6160000
Timor,TLS,2018,2620000
Timor,TLS,2019,3210000
Timor,TLS,2020,3900000
Togo,TGO,2000,420000
Togo,TGO,2001,2830000
Togo,TGO,2002,2280000
Togo,TGO,2003,6750000
Togo,TGO,2004,6800000
Togo,TGO,2005,1180000
Togo,TGO,2006,1240000
Togo,TGO,2007,1370000
Togo,TGO,2008,2670000
Togo,TGO,2009,5010000
Togo,TGO,2010,4340000
Togo,TGO,2011,7490000
Togo,TGO,2012,8560000
Togo,TGO,2013,9140000
Togo,TGO,2014,11530000
Togo,TGO,2015,10470000
Togo,TGO,2016,18570000
Togo,TGO,2017,18290000
Togo,TGO,2018,19360000
Togo,TGO,2019,15070000
Togo,TGO,2020,9970000
Tokelau,TKL,2003,30000
Tokelau,TKL,2004,100000
Tokelau,TKL,2005,30000
Tonga,TON,2000,10980000
Tonga,TON,2002,780000
Tonga,TON,2003,610000
Tonga,TON,2004,2350000
Tonga,TON,2005,3830000
Tonga,TON,2006,1410000
Tonga,TON,2007,2170000
Tonga,TON,2008,1670000
Tonga,TON,2009,1110000
Tonga,TON,2010,1020000
Tonga,TON,2011,2100000
Tonga,TON,2012,770000
Tonga,TON,2013,2680000
Tonga,TON,2014,1500000
Tonga,TON,2015,1660000
Tonga,TON,2016,1430000
Tonga,TON,2017,2380000
Tonga,TON,2018,1140000
Tonga,TON,2019,1110000
Tonga,TON,2020,560000
Trinidad and Tobago,TTO,2004,120000
Trinidad and Tobago,TTO,2005,300000
Trinidad and Tobago,TTO,2008,150000
Trinidad and Tobago,TTO,2009,420000
Trinidad and Tobago,TTO,2010,20000
Tunisia,TUN,2000,86500000
Tunisia,TUN,2001,72580000
Tunisia,TUN,2002,31160000
Tunisia,TUN,2003,34160000
Tunisia,TUN,2004,40770000
Tunisia,TUN,2005,88910000
Tunisia,TUN,2006,113600000
Tunisia,TUN,2007,92210000
Tunisia,TUN,2008,106740000
Tunisia,TUN,2009,100460000
Tunisia,TUN,2010,130009999.99999999
Tunisia,TUN,2011,149940000
Tunisia,TUN,2012,95320000
Tunisia,TUN,2013,49940000
Tunisia,TUN,2014,100370000
Tunisia,TUN,2015,120510000
Tunisia,TUN,2016,160090000
Tunisia,TUN,2017,156850000
Tunisia,TUN,2018,231200000
Tunisia,TUN,2019,114050000
Tunisia,TUN,2020,292570000
Turkey,TUR,2000,59740000
Turkey,TUR,2001,139440000
Turkey,TUR,2002,56620000
Turkey,TUR,2003,83030000
Turkey,TUR,2004,51550000
Turkey,TUR,2005,17970000
Turkey,TUR,2006,9040000
Turkey,TUR,2007,6740000
Turkey,TUR,2008,175670000
Turkey,TUR,2009,136340000
Turkey,TUR,2010,109100000
Turkey,TUR,2011,108880000
Turkey,TUR,2012,49720000
Turkey,TUR,2013,87510000
Turkey,TUR,2014,171470000
Turkey,TUR,2015,155720000
Turkey,TUR,2016,76940000
Turkey,TUR,2017,54920000
Turkey,TUR,2018,50150000
Turkey,TUR,2019,52170000
Turkey,TUR,2020,66209999.99999999
Turkmenistan,TKM,2000,20000
Turkmenistan,TKM,2001,20000
Turkmenistan,TKM,2002,490000
Turkmenistan,TKM,2003,10000
Turkmenistan,TKM,2004,10000
Turkmenistan,TKM,2006,50000
Turkmenistan,TKM,2007,70000
Turkmenistan,TKM,2009,40000
Turkmenistan,TKM,2010,20000
Turkmenistan,TKM,2011,240000
Turkmenistan,TKM,2019,10000
Turkmenistan,TKM,2020,0
Turks and Caicos Islands,TCA,2000,40000
Turks and Caicos Islands,TCA,2003,60000
Tuvalu,TUV,2002,520000
Tuvalu,TUV,2003,20000
Tuvalu,TUV,2007,0
Tuvalu,TUV,2009,330000
Tuvalu,TUV,2010,50000
Tuvalu,TUV,2011,2440000
Tuvalu,TUV,2012,1280000
Tuvalu,TUV,2013,2790000
Tuvalu,TUV,2014,200000
Tuvalu,TUV,2015,3090000
Tuvalu,TUV,2016,1360000
Tuvalu,TUV,2017,1010000
Tuvalu,TUV,2018,80000
Tuvalu,TUV,2019,30000
Tuvalu,TUV,2020,3270000
Uganda,UGA,2000,47220000
Uganda,UGA,2001,71370000
Uganda,UGA,2002,32110000
Uganda,UGA,2003,70900000
Uganda,UGA,2004,66900000.00000001
Uganda,UGA,2005,96240000
Uganda,UGA,2006,87960000
Uganda,UGA,2007,163300000
Uganda,UGA,2008,96910000
Uganda,UGA,2009,185110000
Uganda,UGA,2010,154000000
Uganda,UGA,2011,83040000
Uganda,UGA,2012,98390000
Uganda,UGA,2013,90080000
Uganda,UGA,2014,90730000
Uganda,UGA,2015,126100000
Uganda,UGA,2016,133419999.99999999
Uganda,UGA,2017,145150000
Uganda,UGA,2018,155000000
Uganda,UGA,2019,131090000
Uganda,UGA,2020,167650000
Ukraine,UKR,2005,4800000
Ukraine,UKR,2006,4990000
Ukraine,UKR,2007,3450000
Ukraine,UKR,2008,1390000
Ukraine,UKR,2009,1200000
Ukraine,UKR,2010,5280000
Ukraine,UKR,2011,8420000
Ukraine,UKR,2012,510000
Ukraine,UKR,2013,470000
Ukraine,UKR,2014,7120000
Ukraine,UKR,2015,9800000
Ukraine,UKR,2016,7050000
Ukraine,UKR,2017,34640000
Ukraine,UKR,2018,11710000
Ukraine,UKR,2019,32049999.999999996
Ukraine,UKR,2020,35960000
Uruguay,URY,2002,30000
Uruguay,URY,2003,720000
Uruguay,URY,2004,1220000
Uruguay,URY,2005,1460000
Uruguay,URY,2006,660000
Uruguay,URY,2007,630000
Uruguay,URY,2008,460000
Uruguay,URY,2009,1960000
Uruguay,URY,2010,770000
Uruguay,URY,2011,690000
Uruguay,URY,2012,300000
Uruguay,URY,2013,660000
Uruguay,URY,2014,140000
Uruguay,URY,2015,530000
Uruguay,URY,2016,360000
Uruguay,URY,2017,730000
Uzbekistan,UZB,2000,2290000
Uzbekistan,UZB,2001,680000
Uzbekistan,UZB,2002,7490000
Uzbekistan,UZB,2003,10960000
Uzbekistan,UZB,2004,10600000
Uzbekistan,UZB,2005,9880000
Uzbekistan,UZB,2006,10230000
Uzbekistan,UZB,2007,10650000
Uzbekistan,UZB,2008,13450000
Uzbekistan,UZB,2009,9220000
Uzbekistan,UZB,2010,31730000
Uzbekistan,UZB,2011,36780000
Uzbekistan,UZB,2012,52080000
Uzbekistan,UZB,2013,67500000
Uzbekistan,UZB,2014,104550000
Uzbekistan,UZB,2015,110150000
Uzbekistan,UZB,2016,115950000
Uzbekistan,UZB,2017,67640000
Uzbekistan,UZB,2018,98460000
Uzbekistan,UZB,2019,154170000
Uzbekistan,UZB,2020,126580000
Vanuatu,VUT,2003,530000
Vanuatu,VUT,2004,210000
Vanuatu,VUT,2005,360000
Vanuatu,VUT,2006,300000
Vanuatu,VUT,2007,3370000
Vanuatu,VUT,2008,8270000
Vanuatu,VUT,2009,1240000
Vanuatu,VUT,2010,820000
Vanuatu,VUT,2011,1190000
Vanuatu,VUT,2012,240000
Vanuatu,VUT,2013,1810000
Vanuatu,VUT,2014,4580000
Vanuatu,VUT,2015,3000000
Vanuatu,VUT,2016,2570000
Vanuatu,VUT,2017,2160000
Vanuatu,VUT,2018,1450000
Vanuatu,VUT,2019,4820000
Vanuatu,VUT,2020,6450000
Venezuela,VEN,2000,3290000
Venezuela,VEN,2001,170000
Venezuela,VEN,2002,790000
Venezuela,VEN,2003,780000
Venezuela,VEN,2004,320000
Venezuela,VEN,2005,2940000
Venezuela,VEN,2006,5120000
Venezuela,VEN,2007,5640000
Venezuela,VEN,2008,3370000
Venezuela,VEN,2009,200000
Venezuela,VEN,2010,290000
Venezuela,VEN,2011,700000
Venezuela,VEN,2012,650000
Venezuela,VEN,2013,280000
Venezuela,VEN,2014,540000
Venezuela,VEN,2015,210000
Venezuela,VEN,2016,230000
Venezuela,VEN,2017,180000
Venezuela,VEN,2018,110000
Venezuela,VEN,2019,170000
Venezuela,VEN,2020,1020000
Vietnam,VNM,2000,170770000
Vietnam,VNM,2001,503300000
Vietnam,VNM,2002,78880000
Vietnam,VNM,2003,112420000
Vietnam,VNM,2004,112840000
Vietnam,VNM,2005,148020000
Vietnam,VNM,2006,165930000
Vietnam,VNM,2007,265870000
Vietnam,VNM,2008,290080000
Vietnam,VNM,2009,326970000
Vietnam,VNM,2010,382140000
Vietnam,VNM,2011,369480000
Vietnam,VNM,2012,399720000
Vietnam,VNM,2013,490090000
Vietnam,VNM,2014,527370000
Vietnam,VNM,2015,575270000
Vietnam,VNM,2016,612270000
Vietnam,VNM,2017,522940000.00000006
Vietnam,VNM,2018,570280000
Vietnam,VNM,2019,416990000
Vietnam,VNM,2020,428070000
Wallis and Futuna,WLF,2007,20000
Wallis and Futuna,WLF,2015,40000
Wallis and Futuna,WLF,2016,2500000
Wallis and Futuna,WLF,2017,90000
Wallis and Futuna,WLF,2018,110000
Wallis and Futuna,WLF,2019,10000
Yemen,YEM,2000,104140000
Yemen,YEM,2001,6010000
Yemen,YEM,2002,36060000
Yemen,YEM,2003,28460000
Yemen,YEM,2004,29170000
Yemen,YEM,2005,75390000
Yemen,YEM,2006,67850000
Yemen,YEM,2007,68740000
Yemen,YEM,2008,68540000
Yemen,YEM,2009,60500000
Yemen,YEM,2010,58980000
Yemen,YEM,2011,24260000
Yemen,YEM,2012,36530000
Yemen,YEM,2013,60860000
Yemen,YEM,2014,58600000
Yemen,YEM,2015,17750000
Yemen,YEM,2016,41740000
Yemen,YEM,2017,37430000
Yemen,YEM,2018,53910000
Yemen,YEM,2019,73300000
Yemen,YEM,2020,51970000
Zambia,ZMB,2000,125000000
Zambia,ZMB,2001,34550000
Zambia,ZMB,2002,38260000
Zambia,ZMB,2003,45820000
Zambia,ZMB,2004,58730000
Zambia,ZMB,2005,58770000
Zambia,ZMB,2006,59040000
Zambia,ZMB,2007,53280000
Zambia,ZMB,2008,39510000
Zambia,ZMB,2009,57400000
Zambia,ZMB,2010,39180000
Zambia,ZMB,2011,55100000
Zambia,ZMB,2012,71180000
Zambia,ZMB,2013,100470000
Zambia,ZMB,2014,105370000
Zambia,ZMB,2015,112510000
Zambia,ZMB,2016,147820000
Zambia,ZMB,2017,147800000
Zambia,ZMB,2018,149190000
Zambia,ZMB,2019,86450000
Zambia,ZMB,2020,68860000
Zimbabwe,ZWE,2000,3550000
Zimbabwe,ZWE,2001,2580000
Zimbabwe,ZWE,2002,1990000
Zimbabwe,ZWE,2003,2160000
Zimbabwe,ZWE,2004,930000
Zimbabwe,ZWE,2005,1130000
Zimbabwe,ZWE,2006,2089999.9999999998
Zimbabwe,ZWE,2007,340000
Zimbabwe,ZWE,2008,12350000
Zimbabwe,ZWE,2009,11520000
Zimbabwe,ZWE,2010,16230000
Zimbabwe,ZWE,2011,30560000
Zimbabwe,ZWE,2012,57750000
Zimbabwe,ZWE,2013,49440000
Zimbabwe,ZWE,2014,45460000
Zimbabwe,ZWE,2015,24960000
Zimbabwe,ZWE,2016,15320000
Zimbabwe,ZWE,2017,24260000
Zimbabwe,ZWE,2018,29540000
Zimbabwe,ZWE,2019,12200000
Zimbabwe,ZWE,2020,18050000